"X1","X2","X3","X4","X5","X6","X7","X8","X9","X10","X11","X12","X13","X14","X15","X16","X17","X18","X19","X20","X21","X22","X23","X24","X25","X26","X27","X28","X29","X30","X31","X32","X33","X34","X35","X36","X37","X38","X39","X40","X41","X42","X43","X44","X45","X46","X47","X48","X49","X50","X51","X52","X53","X54","X55","X56","X57","X58","X59","X60","X61"
"Maschio",19,6,5,6,6,6,4,4,4,4,3,3,3,3,4,4,3,3,4,4,4,4,4,4,3,4,4,3,4,3,4,3,4,4,3,4,4,4,6,5,5,5,5,5,4,4,5,4,5,4,3,6,6,8,7,7,6,6,5,7
"Femmina",25,7,4,5,5,2,3,3,2,4,4,3,4,3,3,3,3,3,3,3,3,4,4,3,3,3,3,3,4,2,3,3,2,4,4,2,4,2,3,4,4,4,4,6,5,3,3,3,3,3,2,2,8,6,6,6,2,2,10,6
"Femmina",25,6,5,3,4,3,5,1,2,4,2,4,4,1,4,3,2,4,4,3,5,4,5,3,4,3,4,2,4,1,4,1,3,2,4,3,1,2,6,5,5,6,7,5,2,6,4,2,6,4,5,8,9,10,10,8,5,3,9,7
"Maschio",43,8,6,4,5,1,4,1,3,1,4,2,1,2,4,4,3,3,2,4,2,4,4,1,4,1,4,2,4,1,4,1,4,2,1,3,2,4,4,7,6,5,6,5,5,6,3,5,5,4,5,8,9,7,9,9,9,8,6,9
"Maschio",33,4,4,4,4,3,3,2,2,2,3,1,2,2,3,3,4,4,4,4,5,5,5,4,4,3,3,2,3,2,3,2,3,2,3,4,3,4,4,3,4,3,5,4,2,4,4,3,3,2,1,5,5,4,6,5,3,6,10,5
"Femmina",28,7,6,6,6,2,3,3,3,3,4,2,2,2,4,4,2,3,1,3,2,4,4,3,4,2,3,3,4,3,4,3,4,3,3,4,2,4,5,5,7,5,4,5,5,7,5,5,6,5,7,7,9,7,8,9,6,2,9,7
"Maschio",26,6,5,5,5,4,4,2,3,3,3,2,1,4,2,2,3,3,2,3,3,3,2,2,3,1,3,4,3,3,4,3,3,2,1,2,3,3,5,5,6,5,5,5,2,5,3,2,3,2,2,6,7,4,6,7,6,4,5,5
"Femmina",44,6,4,4,6,5,3,3,3,3,3,4,2,2,3,2,4,3,1,3,3,4,3,3,3,2,2,4,2,4,2,3,2,1,1,2,3,2,2,3,6,5,5,5,3,4,3,3,4,4,3,6,6,6,9,7,5,2,5,5
"Femmina",21,6,5,4,4,5,4,3,3,3,4,2,3,3,3,2,2,5,4,3,2,3,5,3,3,3,3,3,4,2,3,2,3,3,3,3,2,2,4,5,4,4,6,6,4,6,4,5,5,5,3,7,7,7,6,5,5,2,6,8
"Femmina",21,3,4,4,4,5,3,1,1,2,5,1,1,1,3,4,5,3,5,3,5,3,4,4,4,1,5,1,5,1,5,1,5,1,1,5,1,5,1,7,7,7,6,5,5,4,1,1,2,4,1,4,8,8,10,7,9,4,0,2
"Femmina",24,7,5,3,3,5,3,2,3,4,5,2,2,2,2,3,4,3,1,3,3,4,3,4,3,2,3,3,3,2,3,3,4,4,1,2,3,2,5,2,6,4,6,6,4,1,4,2,3,4,2,5,2,9,4,3,3,4,1,7
"Femmina",20,7,6,5,4,1,5,4,3,2,5,1,1,1,5,3,5,5,3,5,3,5,5,4,5,1,4,3,4,2,4,2,4,2,3,4,3,3,6,5,6,4,7,7,7,7,6,5,6,4,6,7,10,9,7,5,10,1,1,7
"Maschio",58,7,5,5,5,3,4,2,3,2,3,2,3,2,3,4,2,4,1,3,2,3,3,2,3,2,4,2,4,2,3,2,3,2,2,3,3,3,5,3,5,6,6,6,5,5,3,3,5,6,3,7,7,7,4,4,6,6,6,7
"Femmina",32,8,6,6,6,3,5,2,3,2,3,1,1,3,4,2,3,3,1,3,2,3,3,2,3,2,3,2,4,2,4,1,3,3,2,3,1,3,6,5,6,4,4,6,6,5,5,5,6,5,5,7,9,8,7,8,7,7,7,8
"Maschio",40,5,4,4,3,5,5,3,3,3,4,2,3,3,4,5,4,4,3,3,5,4,4,4,3,3,4,2,4,2,4,2,4,2,3,3,3,3,5,4,6,4,5,5,5,6,4,4,4,4,3,5,5,5,5,5,5,5,5,5
"Maschio",15,2,3,2,3,6,4,4,1,1,1,4,3,1,1,3,3,1,1,4,5,2,1,4,1,3,2,4,2,3,2,4,2,4,3,3,5,1,1,5,1,5,1,1,1,2,1,1,2,1,1,2,0,0,6,1,0,0,0,1
"Maschio",21,8,6,5,4,5,4,2,3,4,2,1,3,3,3,4,3,4,3,3,3,4,4,3,4,3,3,3,4,2,3,3,3,3,3,3,2,3,6,5,5,5,6,6,3,6,4,4,5,4,6,8,9,9,7,7,7,5,6,6
"Femmina",21,8,6,7,6,1,4,1,4,1,4,1,1,1,4,4,3,2,1,3,2,3,3,1,4,1,5,2,5,2,5,2,5,2,1,4,2,4,6,7,6,7,7,7,7,6,6,6,6,5,7,9,10,8,9,10,10,9,3,9
"Maschio",36,10,7,7,7,1,5,1,3,1,5,1,1,1,5,4,1,5,2,5,1,5,5,1,5,1,5,1,5,1,5,1,5,2,1,5,1,5,7,7,7,7,7,7,7,7,7,7,7,7,7,10,10,10,10,10,10,10,10,10
"Maschio",22,8,6,7,7,3,3,1,2,1,5,3,1,3,3,5,4,4,2,2,3,5,5,2,4,1,3,3,4,4,4,4,4,4,2,3,5,5,7,6,7,7,7,7,7,6,5,6,6,5,7,8,7,8,8,10,5,6,0,9
"Femmina",27,1,5,4,4,7,5,5,3,5,3,3,5,1,5,4,1,3,3,3,3,4,4,2,4,3,4,3,4,3,3,3,4,4,2,3,3,2,7,7,6,4,7,7,3,6,3,2,3,3,1,2,2,3,7,5,5,0,7,5
"Femmina",21,6,5,4,5,6,5,3,3,4,3,2,3,3,4,4,2,4,3,5,2,4,4,3,4,2,3,3,3,3,3,4,3,2,2,2,3,3,7,5,6,6,7,4,6,6,4,5,5,5,5,9,9,9,9,8,9,7,8,7
"Femmina",22,2,3,3,1,5,1,4,1,2,2,1,2,3,1,1,5,1,2,1,5,1,3,4,1,5,3,4,2,1,2,2,3,5,4,4,3,2,4,3,5,4,4,4,3,4,2,1,1,1,1,3,3,3,3,2,2,2,2,1
"Femmina",22,7,4,4,4,3,3,1,2,2,2,1,1,1,3,1,2,4,1,4,1,4,4,1,3,1,3,4,1,1,4,4,4,3,1,4,3,3,5,4,6,6,4,7,7,7,6,4,6,4,6,6,7,7,8,8,8,7,6,6
"Femmina",20,7,4,4,4,4,4,5,3,2,3,1,2,1,2,1,2,3,1,3,2,4,4,2,4,3,4,3,4,2,4,2,1,4,4,4,3,2,6,4,6,4,5,7,6,4,4,4,4,4,4,7,10,7,2,2,3,0,6,6
"Femmina",21,7,6,7,4,6,5,2,3,1,4,1,1,1,4,4,3,2,1,4,2,5,3,1,4,1,4,2,5,1,4,2,4,2,2,4,2,4,7,7,6,7,6,7,7,7,6,5,6,5,1,6,9,8,9,8,0,6,0,7
"Femmina",20,7,6,5,6,2,3,2,4,2,3,1,2,1,4,3,2,3,3,2,2,3,3,1,3,2,4,1,4,1,4,1,4,2,1,4,2,3,4,5,6,4,3,5,5,5,5,4,5,2,2,6,8,6,7,7,4,2,5,7
"Femmina",20,7,5,5,4,2,3,2,3,2,3,1,2,1,4,3,2,3,1,3,2,4,3,2,4,1,4,2,4,3,4,1,4,3,1,4,3,4,5,6,6,6,6,6,5,6,5,4,5,5,4,7,8,7,7,7,7,5,5,8
"Femmina",23,4,5,3,3,4,2,3,3,3,2,5,3,2,2,1,4,1,1,1,5,3,3,4,2,4,1,4,4,2,3,2,2,4,2,3,2,1,2,4,3,5,4,3,1,4,3,2,2,2,5,3,6,5,6,3,5,1,5,5
"Maschio",21,5,4,3,2,5,2,4,3,3,2,3,4,4,3,4,4,3,5,2,4,3,3,4,2,5,2,4,3,4,4,3,2,3,4,3,4,3,2,3,3,4,4,5,2,2,1,2,2,1,1,8,2,3,1,2,0,0,0,3
"Maschio",23,4,1,1,1,7,3,5,3,5,1,3,3,1,1,1,5,3,5,1,5,1,3,5,3,5,1,5,5,1,1,5,1,5,5,1,5,1,3,1,4,7,1,3,1,1,3,1,1,1,1,4,10,6,4,0,0,0,6,0
"Femmina",20,7,5,4,4,5,5,2,3,3,4,1,2,1,3,3,4,5,1,4,4,5,5,2,4,2,1,4,3,2,3,2,2,4,2,3,3,2,5,5,6,5,7,5,5,5,4,3,4,3,3,6,6,9,8,3,8,7,2,7
"Femmina",23,3,3,3,1,6,2,5,2,3,2,4,4,3,2,2,5,1,4,2,5,3,2,5,2,4,1,5,2,4,3,3,3,4,3,2,5,2,2,2,2,2,2,2,2,2,2,2,3,2,1,10,6,1,1,2,1,1,1,1
"Femmina",25,8,5,7,6,1,4,1,3,2,3,1,1,1,4,5,4,3,1,2,2,4,4,3,5,1,5,2,4,2,4,2,4,1,1,4,3,3,3,6,5,4,7,7,7,7,7,5,5,5,4,8,6,6,9,9,9,3,1,9
"Maschio",23,6,3,3,2,6,2,4,3,4,3,3,4,3,2,3,3,1,2,2,4,2,2,4,2,4,3,3,4,1,2,3,2,3,2,2,4,2,2,3,3,4,5,4,1,3,3,2,3,4,1,2,3,2,4,2,0,0,0,3
"Femmina",23,8,6,6,4,5,5,2,3,3,2,3,4,2,4,4,5,4,2,3,5,4,5,1,3,2,4,3,4,2,4,1,4,2,4,4,2,3,5,7,6,4,6,7,3,6,4,4,5,6,3,8,10,9,10,9,9,4,8,8
"Femmina",22,7,5,4,5,6,3,5,2,5,4,1,5,1,2,1,4,2,2,2,5,5,5,5,5,5,1,5,5,1,3,5,1,5,5,5,5,3,5,5,5,4,5,7,4,1,1,1,4,1,3,8,6,5,4,8,10,6,7,6
"Femmina",26,7,5,4,3,2,4,1,3,3,4,1,1,2,4,5,2,5,1,3,3,4,5,3,5,2,5,1,4,1,4,1,4,2,1,3,2,3,7,5,6,4,7,6,4,5,4,3,5,6,6,7,6,9,9,7,5,6,4,8
"Femmina",22,5,4,4,6,1,4,2,5,1,3,1,1,1,4,5,3,3,5,5,2,4,4,4,4,1,4,1,3,1,5,1,3,3,1,5,1,4,5,6,6,4,6,7,3,7,5,4,5,7,7,7,10,8,8,5,0,0,10,7
"Femmina",21,8,6,7,6,2,4,2,4,3,4,2,2,3,4,4,5,4,2,3,4,5,4,3,5,2,4,2,4,2,4,2,5,1,2,4,3,4,6,7,7,6,6,7,6,6,6,6,6,6,6,8,8,8,10,10,9,9,8,9
"Femmina",27,3,4,4,3,3,5,3,2,2,3,1,3,1,3,4,2,4,1,3,3,4,4,2,4,2,4,3,4,2,3,1,3,2,2,1,1,3,5,6,6,4,6,6,5,6,5,3,4,5,6,2,4,8,9,7,5,0,0,6
"Femmina",33,0,1,3,4,2,5,5,1,5,5,1,3,1,2,4,1,5,1,3,3,5,5,1,5,3,4,4,4,2,4,1,1,5,3,2,3,2,7,7,7,4,6,4,1,6,1,3,3,3,1,2,8,0,10,4,2,0,2,2
"Maschio",27,6,4,3,3,4,3,3,2,3,2,2,3,1,2,2,4,2,1,2,3,2,3,2,2,2,2,3,3,3,3,3,3,3,2,3,2,2,3,4,3,4,4,4,2,6,3,1,4,3,1,7,7,6,7,6,5,4,5,6
"Femmina",25,8,7,7,5,2,5,1,4,3,5,1,3,2,4,5,3,4,1,1,5,5,5,4,5,3,5,1,4,1,5,1,5,1,1,5,2,5,5,6,7,7,7,7,6,6,7,4,6,7,7,7,7,9,10,7,6,6,7,9
"Femmina",27,2,3,3,1,7,5,5,1,2,2,2,3,1,1,2,4,3,3,3,5,5,5,5,3,3,2,5,3,3,2,4,2,4,4,2,5,2,1,1,2,1,2,4,1,3,1,1,1,3,1,2,8,5,0,6,0,0,9,1
"Femmina",23,8,6,5,3,6,3,3,3,1,2,1,2,1,2,2,4,3,3,3,3,2,3,3,2,3,4,3,4,3,4,1,3,2,2,3,2,3,3,3,5,6,5,7,5,6,6,7,6,6,4,10,10,8,9,10,8,5,0,5
"Femmina",24,5,5,5,5,2,4,5,3,4,4,3,4,1,4,4,4,4,1,3,1,3,3,4,5,3,3,2,3,1,3,3,3,3,4,4,1,2,6,6,6,6,4,6,1,5,1,1,2,2,2,5,9,5,8,7,5,0,2,6
"Femmina",19,7,6,5,4,2,5,2,2,4,1,1,1,1,4,4,4,2,1,1,3,4,4,2,4,1,2,4,4,2,3,3,2,2,4,3,2,2,4,5,5,5,5,5,5,5,4,5,5,5,3,6,8,6,8,8,5,2,0,7
"Femmina",24,7,6,5,5,2,5,2,4,4,4,2,3,1,5,3,2,4,1,4,3,4,4,2,4,2,4,2,4,1,4,1,4,3,3,4,3,4,5,5,6,6,6,6,5,6,5,3,4,3,2,6,8,7,8,6,6,5,5,7
"Maschio",19,4,5,4,2,6,3,2,3,2,3,2,2,2,2,2,1,2,2,2,2,3,2,1,2,1,2,3,4,4,2,3,2,5,3,2,5,1,4,3,2,3,5,4,4,5,2,2,1,1,4,5,6,2,1,4,5,5,8,3
"Femmina",25,6,6,6,5,2,5,1,4,3,4,1,3,2,4,4,2,3,2,3,1,3,4,2,4,2,4,2,5,1,5,1,4,2,1,5,2,4,5,6,7,6,7,7,7,6,6,6,6,6,7,10,10,6,9,9,10,9,5,10
"Maschio",28,1,4,4,4,4,4,5,2,5,4,4,4,2,3,5,3,4,1,4,5,3,3,5,1,5,3,3,2,2,3,4,3,2,1,3,4,3,3,6,4,6,7,7,4,6,3,5,5,2,4,7,7,6,8,8,9,0,2,6
"Maschio",23,5,4,4,3,4,3,2,3,2,3,1,1,2,3,3,3,3,1,2,3,4,5,2,3,2,3,3,5,2,3,2,3,3,1,3,3,3,5,4,5,6,7,6,5,5,4,3,4,4,5,5,6,5,5,6,5,4,4,5
"Femmina",23,8,7,7,7,2,5,2,4,3,1,4,1,1,5,5,4,2,4,5,4,4,2,4,5,2,5,3,5,2,5,2,5,3,1,5,2,4,6,6,6,5,4,7,7,6,5,6,6,7,7,10,10,7,10,3,3,6,10,9
"Maschio",36,7,6,5,5,2,3,2,2,2,4,2,3,1,2,2,4,2,4,2,4,3,2,4,2,4,2,3,3,3,3,3,3,3,3,3,3,3,4,2,4,4,2,4,3,3,4,4,4,3,2,6,6,5,7,6,5,5,9,6
"Femmina",23,6,5,5,1,2,5,3,3,3,3,3,4,2,4,4,3,4,3,4,3,4,4,4,4,3,4,2,3,3,2,4,2,4,2,4,3,3,6,6,6,6,6,6,4,6,5,4,4,4,4,6,7,6,6,6,6,6,7,6
"Maschio",25,7,5,4,5,3,5,3,3,2,4,2,3,4,4,4,3,5,3,2,2,5,4,3,3,2,4,2,4,1,4,2,4,2,3,4,1,4,6,5,7,5,6,6,4,6,5,5,4,4,3,7,5,8,7,6,5,5,6,6
"Maschio",23,4,3,4,3,6,2,4,1,4,3,1,4,3,2,4,4,2,2,3,3,3,3,4,2,4,2,5,2,4,2,4,2,4,4,2,3,1,3,1,1,2,4,3,1,5,2,5,1,1,1,6,4,4,1,4,4,3,6,4
"Femmina",20,8,6,5,5,1,4,1,4,1,3,1,2,2,4,1,2,2,5,4,3,3,3,2,4,2,4,2,5,1,4,1,4,2,3,4,3,3,6,6,6,6,6,7,5,6,6,6,6,7,7,6,7,9,10,9,10,6,6,9
"Femmina",24,7,7,4,4,4,2,1,4,1,3,1,3,1,4,3,2,3,3,3,3,5,3,3,3,3,5,1,5,1,4,1,5,3,2,5,2,3,5,4,7,6,6,6,7,4,4,5,5,5,2,7,7,7,10,10,4,4,4,7
"Femmina",20,8,6,5,5,1,4,1,4,1,3,1,2,2,4,1,2,2,5,4,3,3,3,2,4,2,4,2,5,1,4,1,4,2,3,4,3,3,6,6,6,6,6,7,5,6,6,6,6,7,7,6,7,9,10,9,10,6,6,9
"Femmina",22,8,5,5,5,1,4,1,4,1,4,1,2,1,4,5,2,4,1,3,2,5,4,1,4,1,4,1,4,1,4,1,4,1,1,4,1,4,5,5,4,5,6,6,6,5,4,4,5,5,6,8,10,8,8,8,9,8,6,8
"Femmina",23,6,6,5,4,2,4,2,4,2,5,2,2,1,4,4,2,4,1,2,2,5,4,1,4,2,3,4,3,2,3,2,3,3,1,3,3,2,4,6,5,4,6,4,5,7,1,1,3,2,1,3,10,8,8,2,6,3,0,5
"Femmina",22,8,6,6,4,1,3,2,4,1,3,3,2,1,4,3,2,3,2,2,2,3,4,2,3,1,4,2,4,1,4,1,5,2,2,5,2,4,4,6,5,6,4,6,5,6,6,5,6,5,7,7,9,8,9,8,8,4,8,8
"Femmina",31,7,5,5,6,6,5,3,3,3,4,3,2,3,4,4,3,3,2,4,3,4,4,3,4,3,4,2,4,2,4,3,3,3,2,3,3,4,5,5,5,6,5,6,6,5,6,3,5,4,3,7,7,7,7,6,4,4,5,7
"Maschio",22,7,5,4,4,4,4,4,4,3,3,3,2,3,3,5,5,2,2,2,3,4,3,3,2,2,3,2,3,2,3,2,3,2,2,3,3,4,5,5,5,5,6,5,5,6,5,5,5,4,3,9,7,7,6,6,7,6,5,6
"Femmina",33,6,4,4,1,7,4,5,2,3,1,2,5,3,2,1,4,1,2,3,5,1,2,5,1,5,2,4,2,4,2,4,3,4,5,1,4,3,1,1,2,2,2,4,1,4,1,2,1,2,1,4,6,1,1,6,0,0,0,2
"Femmina",26,6,6,5,6,6,4,5,3,3,4,3,3,3,4,4,4,3,4,4,4,4,4,4,4,4,4,5,4,3,4,3,4,4,4,4,4,5,5,5,4,7,6,6,5,6,5,4,4,4,4,4,7,5,8,6,6,1,5,6
"Femmina",23,7,5,3,6,2,4,1,4,2,4,2,1,2,5,5,3,4,2,4,4,5,5,2,4,1,4,2,4,2,5,2,5,2,1,3,3,4,5,5,6,6,6,6,4,6,4,2,5,4,2,6,9,7,7,9,9,5,5,7
"Femmina",22,8,7,5,7,2,5,2,3,1,4,1,2,2,5,3,3,5,4,3,3,5,5,2,4,4,4,2,4,2,4,2,4,2,4,4,3,5,7,6,7,7,6,7,7,5,6,5,7,7,7,8,7,9,8,10,10,1,5,8
"Maschio",23,7,5,4,2,4,3,4,2,4,3,1,2,1,2,3,4,4,1,2,5,4,4,4,3,3,4,3,4,2,4,2,4,2,3,2,2,3,3,2,7,5,7,5,4,7,5,7,5,4,6,10,10,7,5,6,3,3,8,7
"Femmina",24,8,6,6,4,6,5,3,2,3,3,1,3,1,4,5,5,5,3,4,5,5,5,5,5,5,4,3,4,3,3,3,4,3,5,3,5,4,4,3,4,6,6,5,4,3,3,3,4,3,1,8,6,6,6,8,6,6,10,9
"Maschio",27,3,4,4,4,4,3,3,2,2,5,1,2,1,1,2,1,2,1,1,2,5,3,1,3,1,3,3,3,1,3,2,3,1,1,1,3,2,3,4,3,3,7,5,4,5,1,1,2,1,6,0,9,5,4,0,2,0,0,0
"Femmina",26,6,6,6,5,2,5,1,3,2,4,1,1,1,3,4,1,3,2,2,1,3,4,1,3,2,4,2,3,1,4,1,5,2,1,3,2,5,5,5,6,6,7,7,4,7,5,6,6,6,5,6,10,7,7,8,7,6,2,6
"Femmina",24,7,5,6,4,4,5,3,3,3,3,2,2,2,5,4,2,4,2,3,3,4,4,2,5,2,4,3,4,2,5,2,4,3,1,5,3,5,7,7,7,6,7,7,5,6,6,3,4,7,6,6,10,10,10,7,8,4,2,10
"Femmina",26,8,7,7,5,1,5,1,4,2,3,2,3,1,4,2,2,4,1,5,2,5,5,2,4,2,5,5,5,2,5,3,4,4,1,5,3,4,7,7,7,7,6,6,5,5,5,5,6,5,4,10,8,9,10,10,9,2,7,9
"Femmina",21,7,6,6,4,5,5,4,2,2,3,1,2,2,1,1,3,2,4,2,3,2,2,2,4,1,4,2,3,3,3,2,4,2,1,4,2,2,3,1,2,1,5,4,3,3,2,2,2,2,1,4,2,3,0,6,0,0,0,4
"Maschio",28,0,6,6,1,1,5,1,1,1,5,1,1,1,5,5,1,5,1,3,3,5,5,3,3,1,5,1,5,1,3,1,3,3,1,3,1,3,6,6,6,6,6,6,6,3,3,3,3,3,1,5,5,0,5,5,0,0,9,2
"Femmina",22,8,7,5,6,2,5,2,4,2,4,1,1,2,4,4,2,4,1,5,2,4,4,2,4,1,5,1,5,2,5,1,4,2,1,4,3,4,6,3,7,6,5,6,5,6,5,4,5,4,4,6,9,8,5,8,6,6,6,8
"Femmina",23,6,6,3,2,6,3,4,2,5,2,1,3,1,2,3,3,1,4,1,4,1,5,4,1,3,3,4,5,1,2,1,3,4,2,3,3,2,3,5,1,4,5,6,1,2,1,1,5,4,1,3,0,7,8,8,5,0,1,5
"Femmina",22,7,5,4,4,7,5,5,4,5,3,3,4,4,3,3,5,4,3,3,5,5,4,5,3,4,3,4,4,4,3,4,4,4,2,2,3,2,6,2,5,4,5,4,3,4,3,3,3,2,1,5,5,5,0,1,0,0,0,2
"Maschio",27,8,6,7,3,4,4,2,3,1,3,1,2,4,4,5,3,3,1,3,4,5,4,2,3,1,4,2,3,2,4,2,3,2,1,3,3,4,6,4,4,4,6,6,7,4,6,6,6,7,5,10,9,10,7,8,4,8,9,8
"Femmina",20,7,4,3,3,6,2,4,2,4,3,2,2,4,2,5,5,1,1,1,4,1,1,4,1,2,3,3,3,3,3,3,3,3,1,1,3,2,2,3,1,4,4,3,2,5,1,2,1,1,1,6,10,1,3,0,0,0,5,0
"Femmina",22,6,7,7,6,1,2,3,3,2,5,1,1,1,3,5,3,4,1,1,1,2,3,1,3,1,3,5,5,1,4,2,3,3,1,3,1,3,7,1,1,1,6,7,7,6,6,4,5,4,2,3,8,10,0,10,4,10,10,10
"Femmina",50,5,4,4,4,3,4,2,3,3,3,1,2,1,3,3,3,3,1,3,3,3,3,3,3,3,4,3,4,1,3,2,3,2,3,3,3,3,4,4,5,4,5,5,4,4,5,2,4,4,4,5,5,5,5,5,5,4,0,4
"Femmina",24,2,3,3,5,6,3,3,2,3,3,1,1,3,2,5,5,2,4,2,5,3,2,5,3,4,2,3,2,3,2,3,2,3,3,2,3,1,2,2,2,2,2,3,3,3,1,1,1,1,1,0,3,0,0,2,1,1,7,4
"Femmina",31,4,3,4,3,5,5,4,3,3,4,2,4,1,3,3,3,3,2,2,4,3,5,4,5,5,2,5,4,3,3,3,2,5,5,2,3,2,5,3,6,6,4,4,1,5,5,3,3,2,1,0,8,6,7,5,6,0,10,6
"Femmina",22,8,6,6,4,5,5,3,4,3,4,2,2,3,4,2,3,3,2,4,3,3,5,2,4,2,5,3,4,3,4,3,4,4,2,4,3,4,7,6,6,7,7,6,5,7,5,5,5,5,6,7,8,6,9,6,7,7,8,9
"Femmina",27,7,6,4,3,2,3,3,3,3,2,1,2,1,3,4,2,3,1,3,2,4,4,3,3,2,3,3,3,2,3,2,3,2,2,3,2,3,5,5,5,4,5,5,4,4,5,4,5,5,4,5,8,7,6,4,5,2,8,6
"Femmina",24,7,6,6,5,5,4,4,3,1,2,1,1,2,3,3,5,5,2,3,5,4,4,3,4,1,3,4,3,3,2,3,4,4,1,2,4,3,5,3,4,3,4,6,3,4,2,1,3,5,3,5,7,7,5,7,6,0,0,4
"Femmina",27,8,7,6,6,1,4,1,3,1,2,1,1,1,4,4,2,3,3,3,3,3,3,3,4,1,4,2,4,1,4,1,4,3,1,3,3,3,6,6,5,6,6,6,5,6,6,5,7,6,5,6,8,6,9,9,9,6,5,9
"Femmina",23,6,5,4,3,4,4,3,2,3,3,3,3,2,4,2,3,3,2,2,3,2,3,3,4,3,2,4,2,1,3,3,2,2,4,2,2,2,5,5,5,5,4,4,3,6,3,4,4,5,3,8,10,10,7,6,5,5,5,6
"Maschio",45,6,5,4,3,6,2,5,2,5,4,2,5,2,2,5,4,2,1,2,4,3,3,5,3,5,2,4,3,3,3,3,3,4,4,2,4,3,3,5,5,4,5,5,4,6,5,4,4,4,3,6,8,6,8,7,6,6,8,7
"Femmina",20,8,6,1,2,7,4,4,2,4,2,2,3,2,2,3,3,3,4,2,4,2,3,3,2,2,1,5,1,5,1,5,1,5,3,1,4,1,4,1,2,2,2,3,4,3,4,5,3,3,2,7,9,6,0,10,1,2,7,6
"Femmina",22,7,5,3,5,2,2,2,1,3,3,1,3,2,1,3,3,3,1,5,3,3,5,3,3,2,3,2,3,2,4,3,3,4,1,1,3,2,4,3,5,4,6,6,1,6,5,4,5,3,2,6,6,7,10,6,5,3,0,7
"Maschio",27,4,3,4,2,5,4,4,4,5,3,2,4,4,3,3,4,3,1,2,3,3,4,4,3,4,3,4,2,4,3,4,3,3,4,2,4,3,3,4,3,3,5,5,5,6,2,4,3,4,2,4,8,6,4,6,3,4,0,5
"Femmina",21,9,5,6,6,3,3,2,3,2,4,1,1,1,4,4,1,3,1,4,3,3,3,3,3,1,3,1,3,1,3,1,2,1,1,3,1,2,3,3,3,3,3,3,3,3,3,3,3,3,3,7,7,7,7,7,7,7,7,7
"Femmina",25,7,6,5,6,6,5,3,4,2,5,3,1,1,4,1,3,4,1,5,3,5,4,2,5,1,3,4,3,4,3,5,2,5,3,2,3,2,7,5,7,6,6,6,5,5,6,2,5,5,6,7,7,8,7,7,8,6,6,6
"Maschio",25,7,6,5,6,2,4,2,3,2,3,1,2,1,4,3,1,4,1,3,3,4,3,2,5,1,4,2,4,2,4,2,4,1,2,4,1,4,5,7,7,5,7,7,5,7,7,5,7,7,5,9,9,9,10,8,10,7,10,9
"Femmina",22,7,5,3,3,6,5,3,1,4,2,3,3,1,4,2,5,2,3,3,4,2,4,5,3,3,2,4,3,3,2,4,3,3,2,2,4,2,3,6,4,6,3,4,3,4,3,1,3,2,1,1,3,9,9,2,1,0,6,5
"Femmina",21,6,3,1,1,3,2,5,3,5,2,3,5,5,3,5,5,5,5,2,5,3,3,5,1,5,3,4,4,3,3,2,1,5,5,3,5,3,2,3,3,1,3,4,1,5,1,1,1,2,2,2,1,4,2,1,3,0,0,0
"Maschio",23,5,3,1,1,7,5,5,3,4,5,2,3,4,2,5,5,5,4,5,4,5,5,4,3,4,2,4,3,3,2,4,2,4,2,2,4,3,7,2,7,2,7,4,3,6,4,3,2,3,2,5,7,6,2,2,1,1,1,3
"Femmina",23,6,5,5,4,2,4,2,4,2,4,1,2,3,4,4,3,4,2,4,3,4,4,2,4,2,4,2,4,3,4,2,4,3,2,4,3,4,6,5,5,6,5,5,6,5,4,4,4,4,5,8,8,7,7,6,7,5,6,7
"Femmina",24,4,4,6,4,3,4,3,2,1,1,1,3,1,3,2,1,4,1,2,3,2,4,1,3,2,2,3,4,1,2,2,2,3,2,2,2,2,4,5,5,6,5,5,3,5,4,1,2,3,1,1,3,3,5,1,1,0,2,4
"Femmina",25,9,6,5,5,3,1,5,2,2,1,1,3,1,4,3,2,5,2,1,1,3,5,5,4,4,4,3,4,1,5,1,4,1,5,4,1,3,4,1,6,2,5,7,2,1,5,7,5,4,2,10,2,5,1,0,1,0,0,7
"Femmina",20,7,5,5,5,2,4,1,3,2,4,1,2,2,4,3,3,4,2,1,3,5,5,3,4,2,3,4,2,4,3,3,2,4,1,2,5,2,6,5,6,4,5,6,5,5,4,6,5,5,5,8,8,8,7,9,8,6,6,7
"Femmina",21,8,6,5,3,3,5,4,3,2,4,1,2,1,5,5,4,3,1,5,3,4,4,4,3,2,4,2,4,4,4,2,5,3,1,5,2,4,7,4,4,4,6,7,7,6,5,7,6,4,7,8,9,7,10,6,2,8,2,8
"Femmina",28,8,6,5,6,2,4,3,4,2,4,2,3,1,5,3,3,2,1,3,3,2,3,4,4,1,4,1,4,2,3,2,4,1,1,4,3,3,4,3,6,6,7,6,5,3,2,5,5,3,2,8,6,4,2,8,2,7,8,8
"Femmina",25,7,6,5,6,6,5,3,4,2,5,3,1,1,4,1,3,4,1,5,3,5,4,2,5,1,3,4,3,4,3,5,2,5,3,2,3,2,7,5,7,6,6,6,5,5,6,2,5,5,6,7,7,8,7,7,8,6,6,6
"Femmina",21,8,6,6,5,4,4,2,3,3,3,1,2,2,3,2,4,4,2,4,3,4,4,2,4,2,4,2,4,3,4,2,3,2,1,4,3,4,6,6,6,6,6,6,6,6,6,5,6,6,6,8,8,8,8,8,8,8,7,8
"Femmina",24,4,4,4,3,5,4,3,3,3,2,1,2,1,2,2,2,3,1,2,2,2,4,3,3,2,2,3,4,1,4,2,1,3,3,3,4,2,4,2,4,5,3,5,3,6,4,1,3,3,3,6,6,5,3,5,4,2,8,5
"Femmina",23,7,5,5,4,3,3,2,3,2,3,2,2,1,3,3,2,4,1,3,2,3,4,1,3,1,3,2,3,2,3,2,3,2,1,3,2,3,3,5,5,6,5,6,3,6,4,4,5,5,3,7,8,7,7,7,6,4,2,6
"Femmina",25,8,6,7,6,1,5,2,4,1,4,1,3,3,4,5,2,4,1,4,3,4,4,3,4,2,4,3,4,2,4,2,4,2,2,4,3,4,6,4,4,3,3,4,4,6,6,6,6,6,6,10,7,8,10,10,8,7,7,8
"Maschio",20,10,7,6,5,2,3,2,5,3,3,2,1,3,4,4,1,3,1,4,3,4,3,2,3,1,4,2,3,2,4,2,5,2,1,4,2,3,5,4,5,6,5,7,6,5,4,1,6,5,6,1,8,8,8,5,5,1,0,7
"Femmina",33,5,4,5,4,4,4,2,4,3,3,1,1,2,3,1,3,3,1,3,4,4,3,3,4,1,4,2,3,2,3,1,3,2,1,4,2,3,3,3,4,5,5,4,6,5,4,4,4,5,2,2,0,5,5,5,5,4,7,5
"Maschio",20,0,1,1,1,7,1,5,1,5,1,4,5,4,1,1,3,1,3,1,4,1,2,5,1,5,1,5,1,5,1,5,1,5,5,1,5,1,1,1,1,1,1,1,1,1,1,1,1,1,1,1,2,0,0,1,1,0,0,1
"Maschio",23,6,4,5,3,6,4,4,4,4,2,1,5,4,3,5,4,4,4,2,4,4,4,4,4,5,3,4,4,2,4,4,3,2,4,3,5,3,5,6,5,6,6,6,2,4,2,3,3,2,1,4,4,8,7,4,3,1,10,6
"Femmina",21,7,6,6,5,2,3,2,4,1,2,1,4,1,4,2,3,2,2,2,2,2,4,4,4,4,3,3,4,1,3,1,3,3,4,4,2,2,7,7,5,7,7,7,4,4,7,6,6,5,5,8,8,7,10,6,10,2,9,8
"Femmina",30,3,3,3,1,7,3,4,2,3,1,3,4,3,2,2,2,3,4,2,5,1,2,5,3,4,2,5,3,4,3,4,2,4,3,3,5,2,3,3,4,2,4,3,2,2,2,2,2,4,1,4,10,4,4,4,3,3,6,2
"Femmina",22,8,6,4,5,4,4,2,4,2,1,1,2,3,4,2,3,2,2,3,2,4,4,2,3,2,5,1,4,1,4,1,3,2,1,4,1,4,5,6,7,5,7,6,5,6,5,5,6,7,6,7,10,9,9,9,8,8,0,8
"Maschio",21,7,5,4,3,4,4,2,2,3,2,3,3,1,3,3,2,4,3,3,2,3,3,3,2,2,3,3,3,3,3,4,3,4,1,3,2,2,3,3,3,4,4,4,5,4,2,2,3,2,6,5,9,4,5,2,2,2,8,5
"Femmina",21,6,5,5,3,4,4,2,2,2,3,2,2,2,3,4,4,4,2,3,4,4,4,4,5,2,3,4,3,2,3,3,3,2,2,3,4,2,3,6,6,6,6,4,3,6,6,2,2,6,2,5,5,7,8,8,5,3,9,7
"Femmina",20,5,6,6,5,6,5,2,3,2,4,1,2,2,4,4,3,3,1,4,3,4,4,2,4,1,4,3,4,3,4,3,4,3,2,4,3,3,4,6,6,5,6,6,1,4,3,3,5,6,3,8,8,8,8,5,7,0,0,9
"Femmina",19,7,5,4,3,1,3,3,3,1,4,1,2,2,2,4,4,4,1,1,3,5,4,3,3,1,4,3,4,3,3,1,3,3,1,3,2,3,5,5,5,4,6,6,5,7,5,2,6,5,5,7,9,10,8,9,8,1,2,8
"Maschio",20,6,3,3,5,4,3,2,4,4,3,1,1,2,3,2,3,2,1,1,3,4,3,3,3,1,3,3,3,3,3,3,3,3,1,2,2,2,3,3,5,5,6,4,4,3,1,2,3,3,3,3,7,6,5,3,0,3,5,5
"Femmina",51,7,6,5,4,3,3,2,2,2,3,1,2,1,3,2,2,3,1,3,2,3,4,2,3,1,4,2,4,2,3,2,3,2,1,3,2,3,5,4,5,4,5,4,4,5,5,4,4,4,3,7,6,7,6,7,7,6,5,7
"Femmina",20,8,5,4,5,5,3,4,3,4,4,1,1,1,3,3,3,4,2,2,3,3,5,3,4,1,3,3,4,1,3,2,3,3,3,2,1,4,6,6,6,5,6,7,7,6,5,6,7,6,6,7,2,7,8,7,6,6,6,8
"Femmina",20,5,4,5,3,2,3,1,2,2,3,1,1,1,3,2,3,3,2,4,2,3,2,1,2,1,3,3,4,2,4,2,3,2,2,1,3,3,4,6,3,1,4,6,7,6,3,4,3,3,3,4,8,5,8,6,5,3,1,5
"Femmina",20,5,4,5,3,2,3,1,2,2,3,1,1,1,3,2,3,3,2,4,2,3,2,1,2,1,3,3,4,2,4,2,3,2,2,1,3,3,4,6,3,1,4,6,7,6,3,4,3,3,3,4,8,5,8,6,5,3,1,5
"Femmina",57,4,5,5,4,1,4,1,3,4,4,2,3,2,4,2,2,3,1,3,2,4,5,2,4,1,4,1,4,1,5,2,4,2,1,5,2,2,2,6,2,4,7,6,2,7,4,3,3,3,2,2,9,7,8,1,1,1,7,5
"Femmina",21,8,5,5,4,1,4,2,4,3,3,1,4,1,4,5,4,4,2,3,4,5,5,3,5,1,2,5,4,1,4,1,3,4,1,1,1,3,7,6,6,6,7,6,5,7,6,5,5,7,5,5,10,9,9,5,2,2,8,8
"Maschio",23,6,5,5,4,6,3,3,3,3,4,2,3,4,3,3,4,3,2,3,5,4,4,3,3,2,3,2,3,3,3,3,3,3,2,3,3,3,6,4,5,4,6,4,7,6,4,4,4,4,7,5,9,8,7,5,7,7,6,7
"Femmina",23,6,6,7,6,2,4,3,4,2,3,2,1,1,4,4,4,3,1,4,4,4,3,4,4,4,3,4,3,2,4,4,4,3,4,4,3,3,6,5,6,6,5,6,6,5,6,5,6,6,7,7,3,8,5,8,7,3,7,7
"Femmina",24,5,5,4,4,2,3,2,3,1,4,2,1,2,3,4,2,3,2,3,3,3,4,2,3,1,2,3,2,3,2,2,2,3,4,2,3,2,5,4,4,4,5,4,4,4,3,2,2,3,3,3,4,5,5,4,3,3,4,4
"Maschio",20,8,7,6,4,3,4,2,5,3,3,2,1,1,4,5,4,2,3,5,3,5,5,3,4,2,5,1,3,1,3,1,4,1,1,3,3,3,7,4,4,5,5,5,7,6,3,6,6,1,4,8,10,7,2,9,4,6,9,9
"Femmina",21,9,6,4,5,5,5,2,4,3,4,1,3,1,5,3,2,4,3,4,4,5,5,3,3,2,5,2,4,2,5,1,4,2,2,3,2,4,5,6,5,4,6,5,7,4,5,3,6,3,4,5,8,8,9,4,1,8,9,9
"Femmina",19,6,6,5,4,4,3,2,1,1,2,1,1,2,2,3,1,2,1,1,1,2,2,1,2,1,3,3,1,4,2,4,3,2,1,3,3,1,2,3,5,3,5,6,2,4,2,3,3,2,3,5,5,6,6,6,4,4,5,6
"Maschio",29,3,4,3,4,1,3,1,3,3,4,1,4,4,4,4,5,4,1,3,5,4,4,4,4,4,2,4,2,4,2,4,3,4,4,3,3,3,3,2,4,2,5,5,2,6,3,1,3,2,3,5,0,2,2,10,7,7,4,3
"Femmina",21,8,7,6,7,1,5,2,4,2,3,2,2,1,5,1,2,4,1,3,2,5,4,3,5,2,5,2,5,1,4,2,4,1,1,5,2,4,6,6,7,7,7,6,5,6,7,6,7,6,7,8,9,10,9,7,9,6,5,9
"Femmina",26,4,6,6,7,2,4,2,3,2,3,2,1,1,4,2,1,3,2,4,1,5,5,2,4,1,4,1,4,1,4,1,4,2,1,4,3,2,6,6,6,5,6,5,5,6,4,4,4,4,6,5,10,5,6,8,5,5,5,5
"Femmina",23,6,5,5,4,5,3,2,2,2,3,2,1,1,3,3,1,3,1,3,2,3,3,2,3,1,4,2,4,3,3,2,4,3,2,2,3,3,5,5,6,5,4,6,6,5,5,5,5,6,5,7,8,7,7,6,6,5,8,7
"Femmina",27,7,6,6,5,5,4,1,4,1,3,2,2,1,3,4,2,3,1,2,2,4,3,2,3,2,4,2,5,1,4,2,4,3,3,4,4,3,6,7,6,6,7,4,5,6,3,4,4,5,3,5,7,6,9,8,7,5,3,6
"Femmina",21,8,6,5,3,6,3,2,3,1,3,1,1,1,4,4,5,2,2,3,5,5,3,4,4,1,4,2,3,2,3,2,5,2,2,4,3,4,5,4,4,4,5,6,5,5,5,5,6,7,3,7,6,8,6,7,6,4,6,9
"Femmina",28,9,7,6,5,2,4,2,3,2,4,1,2,2,4,2,2,3,2,3,2,4,4,2,5,2,3,3,4,2,4,1,4,1,1,4,1,3,6,6,6,4,5,6,7,6,5,6,6,7,7,8,9,10,8,6,4,2,2,9
"Femmina",28,9,7,6,5,2,4,2,3,2,4,1,2,2,4,2,2,3,2,3,2,4,4,2,5,2,3,3,4,2,4,1,4,1,1,4,1,3,6,6,6,4,5,6,7,6,5,6,6,7,7,8,9,10,8,6,4,2,2,9
"Femmina",27,7,5,4,4,2,4,3,2,3,4,1,2,2,3,4,3,3,1,2,3,5,4,3,3,3,4,4,4,3,4,3,4,4,4,3,4,3,5,6,4,5,6,7,6,4,4,4,5,4,6,7,6,7,9,8,7,7,10,8
"Femmina",24,7,6,6,4,2,4,3,2,2,3,1,2,4,3,3,3,4,2,2,2,3,3,1,3,2,3,3,3,3,3,3,3,3,2,3,4,2,6,5,5,5,6,6,5,4,5,5,5,5,5,8,8,7,8,7,6,6,6,7
"Femmina",23,9,7,6,5,1,2,3,5,1,2,1,2,1,4,2,1,4,1,3,1,5,5,3,4,1,4,1,5,1,4,3,3,3,3,4,1,5,7,7,6,4,5,7,5,5,7,7,7,7,7,10,10,10,10,10,6,4,6,9
"Femmina",26,7,4,4,3,3,2,4,4,4,3,4,4,4,4,2,4,1,3,3,4,2,2,3,2,2,2,3,3,3,2,3,3,2,3,3,3,2,1,3,2,3,3,4,4,3,4,3,3,3,1,3,6,5,6,4,4,4,1,4
"Femmina",22,2,3,3,1,1,4,5,2,4,3,1,5,2,3,3,3,4,1,2,4,4,4,4,2,4,2,4,3,4,3,3,2,4,5,2,4,2,5,3,4,3,6,4,1,6,1,3,3,5,2,1,8,8,2,0,0,0,0,2
"Femmina",25,6,5,4,3,6,5,5,3,4,2,3,3,1,2,1,3,2,1,3,5,2,2,4,2,4,3,4,3,4,3,4,3,4,4,3,1,3,4,2,3,5,4,5,2,3,2,5,2,4,1,6,8,6,3,1,1,3,8,6
"Femmina",21,7,4,4,4,4,5,2,4,3,3,3,3,2,4,4,5,3,2,3,4,2,4,3,4,2,4,2,4,2,3,3,3,3,4,4,3,5,6,3,3,7,7,4,6,6,3,3,6,3,7,5,8,3,8,5,7,9,10,9
"Femmina",19,6,4,3,2,6,3,4,2,2,3,2,4,1,2,3,4,2,1,1,4,3,3,4,3,4,3,4,2,4,3,3,2,5,5,3,4,2,5,5,4,6,6,4,3,4,3,2,2,4,5,7,9,10,6,5,3,4,5,6
"Femmina",22,5,5,3,1,7,2,5,2,5,2,2,5,3,2,1,5,2,1,2,5,3,3,5,3,5,3,4,3,3,3,3,3,3,4,3,5,2,4,3,4,4,4,4,1,1,2,2,3,5,1,2,4,4,6,5,2,0,0,5
"Femmina",19,7,5,4,4,4,4,3,3,3,4,3,3,3,3,3,3,4,2,4,3,4,3,3,4,2,3,2,3,2,3,2,2,2,2,3,2,3,6,6,6,5,6,5,6,6,4,4,4,4,4,7,7,7,8,9,6,6,0,7
"Femmina",20,7,6,5,5,2,4,1,4,1,3,1,1,1,3,3,2,3,1,4,1,3,3,2,3,1,4,1,5,1,4,1,3,1,1,4,2,4,6,6,6,5,6,7,5,5,4,3,6,5,7,8,9,8,8,8,8,6,8,9
"Femmina",34,8,6,5,7,2,3,1,4,3,4,2,1,2,4,4,3,4,1,4,3,4,4,2,4,1,4,2,5,2,4,1,5,2,2,5,3,4,6,7,7,6,6,7,6,6,4,4,7,6,6,6,5,9,7,3,7,5,5,9
"Femmina",23,7,5,5,4,2,5,2,3,2,3,1,2,2,3,5,4,3,1,3,4,4,4,3,3,2,3,3,4,3,4,3,2,4,4,3,4,3,7,7,7,6,6,7,5,7,5,3,5,6,7,7,9,8,9,8,9,3,8,6
"Femmina",21,4,4,5,3,3,5,1,3,2,3,2,4,2,3,4,4,2,1,3,2,4,4,2,3,3,2,3,2,3,2,3,1,4,2,3,4,2,3,1,2,5,3,5,1,1,3,1,3,2,5,5,10,6,2,2,3,0,7,5
"Maschio",29,5,4,4,5,3,3,3,3,3,3,3,3,3,3,3,3,3,3,3,3,3,3,3,3,3,3,2,3,2,3,3,3,4,3,3,2,2,3,4,3,2,4,3,2,4,2,2,2,2,2,2,8,3,4,4,4,1,0,2
"Femmina",20,7,6,4,5,4,3,4,4,3,3,3,3,4,4,4,4,3,3,3,4,3,3,3,3,3,4,3,3,2,3,2,4,2,2,3,2,3,3,2,3,3,4,6,5,4,4,4,5,5,4,4,7,5,4,5,4,2,7,4
"Maschio",24,5,5,3,5,6,5,2,4,3,3,1,2,2,4,4,2,4,1,3,2,3,3,1,5,1,4,1,4,1,5,1,4,2,1,3,2,3,4,5,4,6,7,6,5,6,3,1,3,2,1,2,6,4,7,6,5,4,10,6
"Femmina",24,4,2,3,5,5,3,5,2,4,4,1,5,4,2,1,3,3,4,4,4,1,2,4,2,4,2,1,5,1,2,2,2,5,3,2,4,1,2,1,3,6,6,5,6,1,2,1,1,1,5,5,1,2,0,2,0,0,0,0
"Femmina",20,7,5,5,3,6,3,3,2,3,2,4,3,3,2,2,4,2,4,3,4,2,4,4,2,3,3,3,2,3,2,3,3,3,3,3,3,2,5,3,3,3,5,5,4,4,5,4,4,5,3,7,7,7,4,9,9,6,9,7
"Femmina",20,6,6,3,4,1,5,2,4,2,5,1,1,4,5,5,5,5,3,2,3,5,5,2,4,1,4,3,4,3,5,2,4,3,1,5,3,5,7,6,7,2,7,6,7,7,6,2,3,7,3,2,9,10,6,0,0,9,8,8
"Femmina",23,10,7,7,7,1,4,1,3,1,3,2,1,1,5,3,2,4,1,5,1,5,4,1,5,1,5,1,4,1,4,1,5,1,1,5,2,4,6,5,5,6,5,5,7,6,5,5,7,7,6,7,9,9,10,10,9,9,8,10
"Femmina",21,7,6,5,5,3,3,2,3,1,3,1,1,1,3,3,2,3,1,2,2,4,3,2,3,2,4,3,4,2,4,2,4,3,1,4,3,4,6,6,6,5,6,6,5,6,5,5,6,5,6,8,8,8,7,7,8,5,5,9
"Femmina",22,6,5,5,5,3,4,3,4,2,3,1,3,2,3,2,4,4,2,3,3,4,4,4,3,2,3,3,4,2,3,2,3,2,4,3,4,2,3,5,4,6,5,6,5,6,3,3,3,2,2,6,8,6,5,5,1,2,0,6
"Femmina",24,6,5,6,3,3,2,2,3,3,4,2,2,1,3,1,1,4,1,3,2,4,5,3,5,1,4,2,4,2,3,1,4,3,1,3,2,4,6,6,7,6,6,6,5,7,4,5,5,7,4,6,10,6,8,10,6,0,4,6
"Maschio",33,4,3,3,3,3,3,3,2,2,2,2,3,3,3,3,2,2,2,3,3,3,3,4,4,4,1,2,2,3,3,3,4,4,4,3,3,3,3,3,2,2,3,4,3,3,3,3,3,3,3,3,4,3,3,6,6,6,5,5
"Maschio",23,1,2,2,1,3,2,2,2,3,1,3,2,3,2,3,1,2,2,1,2,2,3,1,1,2,2,4,2,4,2,4,2,3,3,2,3,1,1,1,1,2,6,4,1,5,2,1,1,1,1,1,8,5,0,1,0,0,2,1
"Femmina",19,7,6,4,1,6,5,2,4,3,2,2,5,1,3,5,5,1,3,1,4,1,3,2,3,5,2,5,3,1,4,5,2,1,5,3,2,1,3,1,7,7,7,6,1,1,1,1,3,1,1,5,7,5,0,4,10,5,0,7
"Femmina",25,7,6,6,6,5,2,2,2,2,3,1,1,1,2,3,3,3,1,2,2,3,3,1,3,1,2,1,3,2,3,2,3,2,1,3,2,3,4,6,6,6,6,6,4,6,2,5,4,3,2,4,4,4,4,4,4,4,4,4
"Femmina",21,7,5,5,1,6,5,1,3,2,2,1,3,1,3,3,5,3,1,5,4,5,4,3,4,3,3,3,3,3,4,2,3,3,4,2,3,3,1,3,4,4,5,4,3,1,1,6,2,2,2,9,9,7,6,8,8,4,7,6
"Femmina",17,5,6,5,6,3,3,1,2,4,3,1,2,1,3,3,3,2,1,1,4,3,2,4,4,2,3,2,4,1,2,1,4,4,1,3,3,2,2,1,4,4,3,5,7,5,1,3,3,2,1,5,7,5,8,1,1,2,3,2
"Femmina",22,7,4,5,4,7,5,2,3,1,2,1,5,1,4,3,5,4,1,1,2,4,4,1,2,1,5,1,5,1,4,1,5,1,1,5,3,4,4,5,5,5,3,4,1,3,1,1,2,3,1,5,4,7,9,2,10,0,1,0
"Femmina",23,8,6,6,5,4,4,3,4,4,4,1,2,2,4,4,4,4,1,3,4,4,4,4,4,2,4,3,4,3,4,3,4,3,4,4,3,4,7,7,7,6,6,6,4,5,6,4,5,7,6,8,9,9,9,10,5,0,0,9
"Femmina",41,5,6,7,7,1,4,1,3,1,3,2,1,1,5,4,3,2,2,4,2,3,3,1,4,2,4,3,4,3,4,3,4,2,1,4,4,3,6,5,7,7,7,6,6,5,5,3,4,4,6,4,0,6,5,4,5,5,3,6
"Femmina",25,8,5,5,3,5,4,1,2,2,1,2,2,1,3,2,2,3,3,2,3,4,4,2,2,2,4,3,4,2,4,2,3,3,2,3,2,3,6,6,5,6,5,4,5,4,5,5,4,3,2,9,9,6,7,8,7,3,5,9
"Maschio",50,6,6,7,5,5,4,1,3,2,3,1,1,1,3,3,1,3,1,3,1,3,4,1,4,1,5,1,4,1,3,1,4,1,1,5,1,4,3,4,6,6,6,6,3,4,6,4,6,4,4,7,6,6,6,5,5,5,7,8
"Femmina",26,6,5,4,6,2,5,2,3,2,3,1,5,1,4,5,5,3,3,4,4,3,5,2,3,3,4,3,4,3,5,2,4,4,5,5,2,4,4,6,6,4,5,4,7,3,2,2,5,3,7,5,5,5,9,7,6,2,10,7
"Femmina",19,9,7,7,5,3,4,1,3,2,5,1,2,2,5,5,3,4,2,3,4,5,4,2,5,2,5,1,3,2,5,1,5,1,1,5,1,4,4,5,6,7,4,7,7,4,5,7,7,7,7,10,10,10,9,9,9,8,6,10
"Femmina",20,7,6,4,1,4,3,4,4,3,2,4,3,2,4,4,5,3,4,3,4,3,3,4,3,3,5,1,4,2,4,2,5,3,1,4,3,4,4,2,5,6,6,7,5,4,2,2,4,5,2,6,4,5,3,8,0,0,0,5
"Femmina",21,7,6,5,7,3,4,2,3,2,5,2,2,3,4,5,2,3,2,1,2,5,5,2,3,2,5,3,4,2,5,2,5,2,2,4,3,4,4,5,5,5,7,7,6,4,6,6,7,5,3,8,8,6,7,10,7,6,10,8
"Femmina",22,7,6,6,5,3,4,1,1,1,4,1,1,1,4,4,4,3,3,1,3,4,3,3,4,1,4,1,3,2,3,1,3,1,2,4,3,5,4,5,2,6,6,7,6,6,5,5,5,3,7,7,10,7,7,8,6,4,2,7
"Maschio",26,3,3,2,2,4,2,4,4,3,2,4,4,4,4,1,5,1,2,4,2,2,2,3,2,2,2,4,2,4,3,4,2,4,3,2,4,1,2,1,2,1,3,1,1,1,1,4,2,2,1,3,6,3,0,0,0,0,0,0
"Femmina",29,6,4,4,3,5,4,1,3,4,3,2,4,3,3,4,4,2,2,3,4,2,2,2,3,1,3,4,3,1,3,2,3,5,1,3,4,2,5,5,5,5,5,4,3,5,3,2,3,2,2,5,7,5,7,5,5,4,7,5
"Femmina",23,5,4,4,2,5,4,4,3,4,2,4,4,3,3,3,3,2,4,2,3,4,3,3,3,4,3,4,3,4,3,4,2,4,5,3,3,3,5,2,4,2,5,7,3,2,2,1,2,5,2,3,8,7,3,2,1,0,3,3
"Femmina",21,7,6,4,4,5,4,3,3,3,3,2,3,2,3,3,4,3,3,3,4,3,3,4,3,3,3,4,3,4,3,4,3,4,3,3,4,3,6,4,7,7,7,6,6,5,4,3,4,5,5,6,7,7,6,5,4,3,5,5
"Femmina",24,6,4,4,4,4,5,4,1,4,4,1,2,1,2,1,3,5,1,2,4,3,5,2,4,1,4,3,4,1,4,1,3,3,1,3,3,2,6,5,6,6,7,6,5,6,1,1,2,1,3,2,10,7,7,5,0,0,10,5
"Maschio",20,7,6,6,6,5,4,1,3,4,4,1,1,1,3,5,3,3,1,1,1,4,3,1,3,1,5,1,5,1,3,1,4,1,1,4,1,4,5,4,6,4,6,6,6,4,4,4,4,4,6,7,9,8,9,8,8,5,0,6
"Femmina",28,3,4,3,4,7,4,3,3,5,4,1,2,1,2,3,1,3,1,3,2,4,4,3,4,2,3,3,4,1,4,2,3,3,2,3,2,3,3,3,4,6,7,6,5,6,2,2,3,2,2,1,4,5,7,3,5,3,6,3
"Femmina",21,7,6,5,3,3,4,3,3,3,4,2,3,1,3,5,3,2,2,4,5,2,3,5,4,2,3,4,3,4,3,3,3,3,2,3,4,2,4,3,5,4,5,3,2,2,2,2,2,3,2,8,9,6,7,5,6,5,9,7
"Femmina",29,6,5,4,4,3,4,2,2,3,2,1,1,1,2,2,2,2,1,2,1,2,3,1,2,2,3,3,3,2,3,2,3,2,2,3,3,2,2,2,2,2,3,3,3,3,2,2,3,3,2,2,4,3,6,6,3,3,3,5
"Femmina",23,7,6,6,5,3,5,2,4,2,5,1,1,2,4,5,3,4,1,4,3,5,5,3,5,1,3,3,4,2,4,2,4,2,2,4,3,3,7,5,6,6,7,7,7,7,4,2,6,7,2,7,9,6,8,10,5,7,5,8
"Femmina",24,6,5,3,3,6,3,4,3,3,2,4,4,3,3,3,4,2,2,3,4,2,2,3,3,4,4,3,3,2,4,3,4,3,4,4,3,2,2,3,3,4,3,6,4,7,2,6,4,2,2,5,10,6,4,1,1,2,10,7
"Femmina",27,3,3,5,2,5,4,4,3,5,4,1,4,1,2,4,4,3,3,4,4,4,4,4,2,4,3,3,3,3,2,4,2,4,4,2,3,2,2,2,4,4,5,5,3,4,2,2,2,2,2,1,7,2,2,2,2,2,1,2
"Femmina",26,7,6,7,3,1,5,4,5,2,3,1,3,1,4,5,3,5,1,4,3,4,3,5,4,2,4,1,3,1,3,2,3,2,1,2,2,3,7,6,6,4,4,6,7,7,6,3,7,6,5,7,0,6,10,8,7,1,7,7
"Femmina",20,8,6,5,6,2,4,4,4,4,3,2,4,1,4,2,1,3,1,2,2,3,3,3,3,4,4,3,5,2,4,2,4,2,4,3,1,3,6,6,5,7,6,7,6,3,6,5,6,7,7,9,9,9,10,10,8,5,10,9
"Femmina",24,9,7,6,7,1,5,2,3,2,4,2,2,2,4,5,2,3,1,3,2,5,5,2,3,1,4,2,4,2,3,2,4,2,1,4,2,4,7,6,6,7,7,7,7,6,7,6,7,7,6,7,8,9,9,7,7,7,5,10
"Maschio",20,8,5,4,3,5,5,3,2,1,2,2,2,3,3,4,4,3,2,3,3,4,4,2,3,2,4,3,3,3,4,3,4,3,2,4,3,3,5,5,5,4,6,6,6,5,3,3,5,4,4,7,8,8,6,7,8,7,3,7
"Femmina",22,6,3,2,1,7,2,5,3,4,1,2,1,4,2,2,5,4,4,1,5,3,3,4,1,1,3,4,3,3,3,4,3,4,1,3,5,2,1,1,2,3,6,6,2,3,2,4,2,2,1,2,3,2,2,4,4,1,0,3
"Femmina",22,6,4,4,3,5,3,2,3,3,2,2,2,2,2,4,3,2,2,2,4,3,2,3,2,2,3,3,2,3,2,3,2,3,2,2,2,2,3,4,5,4,5,4,3,5,4,3,3,5,6,5,7,7,7,7,6,3,3,7
"Femmina",21,8,6,5,4,2,3,1,3,3,3,1,2,1,5,3,5,5,2,5,3,4,4,3,4,1,3,3,5,2,3,2,3,2,1,3,3,4,6,5,6,4,6,7,7,6,6,6,6,5,5,9,9,9,8,10,8,7,6,8
"Maschio",40,1,2,1,4,4,5,5,3,4,4,1,4,3,4,5,4,4,3,3,4,4,3,4,3,4,2,4,3,2,2,3,2,3,2,2,4,2,2,2,3,3,4,2,1,6,2,1,1,1,1,0,2,1,1,1,0,0,1,0
"Femmina",23,7,6,6,5,3,2,1,4,2,2,1,1,1,3,2,2,2,1,1,1,1,2,4,4,3,3,2,4,3,4,2,2,3,2,3,2,2,4,6,4,5,5,6,6,5,7,7,6,6,4,8,10,7,7,9,7,7,9,9
"Femmina",20,7,6,6,6,3,4,2,3,2,5,1,2,2,4,4,2,3,1,2,2,4,4,2,4,2,3,4,2,3,3,2,3,4,2,3,2,2,5,5,5,6,5,6,3,5,4,5,6,6,6,7,2,8,7,6,5,0,2,8
"Femmina",46,5,5,6,4,6,5,1,3,1,5,1,1,1,4,3,5,4,1,4,4,5,5,2,5,1,5,1,4,1,4,1,5,1,1,4,1,3,4,2,6,2,6,5,6,2,3,3,1,2,2,2,8,4,5,7,2,2,2,6
"Maschio",21,7,3,2,3,6,4,4,3,5,3,3,2,3,2,2,4,4,1,1,5,3,3,5,4,1,4,4,4,5,4,5,3,2,1,2,5,3,3,1,4,3,2,1,3,2,1,5,4,5,3,9,9,5,6,4,2,2,1,4
"Femmina",22,4,4,4,1,6,4,5,3,4,1,1,3,4,3,1,4,3,3,3,4,3,4,3,2,4,4,3,3,2,3,3,3,2,2,3,2,1,2,4,3,6,5,4,1,4,1,3,3,3,3,3,8,2,7,7,4,0,5,3
"Maschio",35,7,4,4,3,4,3,3,3,3,3,2,2,2,3,3,3,4,1,3,2,3,4,1,2,2,3,3,3,2,4,3,3,3,2,3,3,3,4,3,5,4,7,6,5,5,4,4,4,4,4,8,8,6,4,7,6,6,4,5
"Maschio",19,8,4,2,4,6,2,5,2,4,3,2,3,1,3,4,3,2,1,4,3,3,2,2,3,3,3,3,3,2,3,1,4,3,3,3,1,3,5,4,3,3,4,4,5,6,4,5,5,4,2,7,9,6,8,9,7,2,9,7
"Femmina",23,7,5,6,7,1,5,2,5,2,4,2,1,2,5,5,4,4,3,4,3,5,5,3,5,1,5,1,4,2,4,2,5,3,1,4,3,5,7,6,7,7,6,7,7,6,7,5,6,7,7,9,7,10,8,8,9,5,5,9
"Femmina",23,7,5,6,7,1,5,2,5,2,4,2,1,2,5,5,4,4,3,4,3,5,5,3,5,1,5,1,4,2,4,2,5,3,1,4,3,5,7,6,7,7,6,7,7,6,7,5,6,7,7,9,7,10,8,8,9,5,5,9
"Maschio",21,6,4,4,2,4,4,4,3,3,3,1,5,3,3,2,5,3,1,3,5,4,3,5,3,4,3,3,3,3,3,3,3,3,4,3,4,2,6,5,7,4,4,4,2,6,4,1,3,3,3,4,2,3,8,5,0,1,0,4
"Femmina",20,7,5,4,2,3,3,2,2,2,2,1,1,4,3,3,5,4,3,2,3,3,5,3,2,1,4,2,4,1,5,3,4,2,1,3,4,1,5,7,5,4,5,7,3,6,5,4,5,2,7,6,10,8,10,8,0,2,10,7
"Femmina",18,5,4,4,2,7,4,4,2,4,1,5,5,4,2,4,4,1,5,1,5,1,1,5,1,5,1,5,1,5,1,5,1,5,5,1,5,1,3,2,2,2,2,2,6,6,2,2,2,1,1,2,0,0,0,0,0,0,0,0
"Femmina",23,6,6,5,4,5,4,2,1,2,3,1,2,1,1,1,4,2,1,4,3,3,2,2,3,1,3,3,3,3,3,3,3,3,1,3,3,3,6,5,6,6,7,7,4,5,4,6,4,4,6,7,7,7,7,10,8,2,4,7
"Femmina",21,9,7,7,6,2,5,3,3,3,5,1,3,1,5,4,3,4,1,2,2,5,4,2,4,3,5,2,4,2,4,1,5,1,2,4,3,5,7,7,7,6,6,6,2,7,7,6,7,7,6,9,10,10,10,8,7,0,3,9
"Femmina",23,7,5,4,2,4,5,2,3,3,3,1,2,2,4,5,3,4,2,4,3,4,4,2,4,2,4,3,4,2,4,2,3,3,3,4,2,4,6,5,6,6,6,6,4,5,5,3,5,3,2,6,8,9,6,7,7,5,6,7
"Femmina",21,8,6,5,3,1,5,2,1,1,3,1,1,1,1,4,3,5,1,4,3,5,5,4,5,1,4,2,4,2,3,3,3,1,1,3,1,1,7,5,7,4,7,6,3,7,7,7,6,1,3,10,10,8,7,5,3,2,10,8
"Femmina",24,4,4,3,3,5,4,4,2,3,2,4,5,2,3,4,4,3,4,2,5,3,3,4,4,4,3,4,3,2,3,4,3,4,5,3,4,2,3,3,4,3,5,5,2,4,3,3,4,2,2,3,4,3,4,3,3,1,3,4
"Femmina",25,8,6,7,6,6,5,5,5,4,4,2,3,2,5,5,4,4,1,3,3,4,3,3,5,3,3,3,3,3,3,3,3,3,3,3,3,3,7,7,7,7,7,7,6,7,7,6,6,6,6,7,7,7,7,7,5,5,5,7
"Femmina",21,4,2,2,1,7,3,5,2,5,4,1,1,5,3,3,5,4,4,2,5,4,4,4,3,1,3,4,3,3,3,3,2,4,1,2,3,2,4,1,5,4,7,5,2,2,2,2,3,3,2,4,3,5,7,7,7,5,6,6
"Femmina",25,9,7,4,5,1,5,2,3,1,3,1,2,2,5,5,4,3,2,3,4,3,3,4,1,1,4,2,4,1,5,1,4,2,1,5,3,4,7,7,7,7,5,7,6,6,5,7,7,6,7,10,10,7,8,10,4,6,10,10
"Maschio",29,6,5,5,2,7,3,3,3,3,3,3,4,2,3,3,2,2,2,2,3,2,3,3,2,5,3,3,5,1,3,3,3,3,4,3,2,1,3,3,2,2,4,7,1,6,2,4,1,3,2,7,10,7,7,6,5,6,6,5
"Maschio",20,6,5,5,4,2,4,3,4,1,4,1,1,1,4,5,3,1,1,1,3,4,3,3,3,1,3,3,3,3,3,3,3,3,1,3,3,3,5,5,5,5,5,5,5,5,5,5,5,5,1,7,7,7,7,7,7,7,7,7
"Femmina",21,7,6,6,4,5,4,3,3,3,3,3,3,3,4,4,4,4,3,3,4,4,3,3,4,3,4,3,3,4,3,3,3,2,2,3,3,3,4,4,5,5,5,5,5,6,3,6,5,4,2,6,7,6,7,8,6,5,4,6
"Femmina",20,8,6,6,5,5,4,4,3,4,5,2,3,2,4,5,4,4,1,3,4,5,3,4,4,2,4,2,4,2,4,2,4,2,1,4,3,4,7,6,6,5,7,5,6,7,6,6,6,7,5,9,7,9,9,9,8,9,5,9
"Femmina",19,7,6,5,5,3,4,2,3,2,4,1,2,2,4,5,4,4,2,2,4,5,4,4,5,2,4,2,4,2,4,2,4,2,2,3,5,4,5,4,5,7,7,4,7,3,4,4,5,4,4,9,0,5,5,5,5,5,5,5
"Femmina",21,5,3,2,1,7,5,5,2,3,2,4,5,5,4,3,4,4,3,1,5,5,2,1,3,2,3,4,2,4,3,3,1,4,2,3,5,1,6,2,7,2,6,3,2,5,2,1,2,1,2,4,6,5,1,7,8,4,6,4
"Femmina",42,4,3,4,3,6,3,4,3,4,3,3,4,3,3,3,3,3,3,3,4,3,3,4,3,4,3,4,3,3,3,4,2,5,4,3,3,3,3,2,2,2,3,2,2,3,2,2,2,3,2,2,8,4,2,2,2,2,2,2
"Femmina",25,6,4,4,4,5,4,4,3,3,3,2,2,2,3,2,2,2,2,3,3,3,2,3,3,2,3,3,3,2,3,2,3,2,2,3,2,3,5,5,4,4,4,5,4,4,3,4,4,2,2,6,7,6,7,5,7,5,2,6
"Femmina",28,3,2,4,3,7,4,4,2,5,1,3,4,5,1,3,4,1,2,3,4,1,3,4,1,3,2,5,2,5,2,5,1,5,3,2,4,1,4,1,4,5,7,5,1,4,1,1,1,1,4,3,2,2,1,10,1,0,5,4
"Femmina",22,6,5,4,3,3,4,2,3,3,2,1,2,3,4,4,2,2,3,3,3,4,4,2,3,2,4,3,4,2,4,2,4,3,1,4,3,4,5,5,6,6,6,5,4,5,3,3,4,3,3,5,3,6,7,6,5,3,8,8
"Femmina",21,6,5,5,3,5,3,2,2,2,4,2,2,3,2,5,4,4,4,3,5,4,4,3,3,3,3,3,3,3,4,2,4,2,2,2,2,3,3,3,4,3,4,6,4,4,3,2,4,2,4,6,6,6,4,4,4,3,4,5
"Femmina",50,7,6,6,2,3,3,5,2,4,3,3,3,1,2,5,3,5,1,1,3,3,3,3,3,3,3,3,2,4,3,4,2,2,3,2,2,2,1,1,2,2,6,6,2,6,1,3,4,3,1,5,10,5,0,0,0,5,0,5
"Femmina",24,7,6,6,5,5,5,3,4,3,4,2,2,3,4,4,4,4,2,4,2,5,4,2,4,2,4,2,4,3,4,3,4,3,1,3,3,3,7,5,6,6,6,6,6,5,6,6,6,7,7,9,10,10,9,9,9,9,8,9
"Femmina",21,8,6,6,4,2,4,3,3,3,3,2,2,2,2,3,4,3,2,3,4,4,3,3,3,2,4,3,4,2,4,2,4,2,2,4,2,4,4,5,4,4,6,4,4,6,5,4,5,5,6,8,7,8,8,7,6,6,6,9
"Maschio",26,8,6,5,4,4,4,3,2,3,4,2,3,1,3,4,1,4,1,4,2,3,4,2,4,3,3,4,3,3,3,2,3,2,4,2,1,2,5,6,6,6,7,6,4,5,4,3,4,4,5,9,10,7,8,6,5,1,9,8
"Femmina",25,8,5,5,5,2,5,4,2,3,3,2,4,1,5,4,1,5,1,3,4,5,5,5,5,4,3,3,4,2,4,2,3,4,4,4,1,5,7,7,7,6,7,7,7,7,6,5,6,7,6,9,1,10,9,7,5,1,6,7
"Femmina",25,8,6,6,5,1,5,1,3,2,3,1,2,1,5,1,1,4,1,3,2,5,3,2,5,1,5,1,4,1,5,1,4,2,1,4,2,4,7,7,6,5,5,5,3,7,5,5,6,7,7,8,10,8,9,8,9,4,0,9
"Femmina",26,5,6,6,6,6,5,3,3,1,3,4,3,3,4,2,3,4,3,2,3,3,4,3,4,2,4,4,5,2,3,4,3,5,1,3,5,4,2,5,7,7,7,5,4,5,2,1,2,3,5,4,7,3,2,10,3,1,6,6
"Femmina",25,8,6,5,1,7,4,5,3,5,2,5,5,3,3,1,4,2,5,3,5,3,2,5,3,5,4,5,4,4,4,4,3,4,4,3,3,2,5,1,5,2,2,2,1,4,1,1,1,1,1,7,6,1,10,1,1,0,0,1
"Femmina",21,9,7,6,6,2,5,2,4,2,3,2,3,1,4,3,2,4,1,3,2,4,4,3,3,2,3,3,4,1,4,2,3,2,4,2,1,3,5,3,4,7,5,7,3,7,4,6,5,5,4,10,6,8,9,9,8,6,7,8
"Femmina",21,6,5,6,1,4,3,2,3,1,4,1,1,1,3,5,2,3,1,3,4,5,4,2,5,1,5,2,3,1,4,2,4,2,2,4,2,3,3,2,4,6,7,7,1,1,3,7,6,7,3,7,10,10,0,10,0,0,0,8
"Femmina",40,3,3,4,3,6,3,1,1,1,3,1,1,2,1,5,4,4,1,3,3,2,4,3,3,1,2,4,2,3,2,1,2,3,1,2,1,3,2,1,2,1,4,2,1,4,1,1,1,1,2,5,10,2,0,5,0,3,0,1
"Femmina",21,6,6,4,3,1,4,2,3,1,4,1,1,1,3,5,3,3,2,2,2,3,3,1,4,1,4,1,3,3,4,1,4,1,1,3,2,4,3,3,3,2,3,3,2,3,2,3,3,1,2,7,9,6,8,7,6,5,3,7
"Maschio",23,2,3,4,3,6,3,4,4,3,2,1,3,2,2,2,3,2,1,2,4,3,3,3,3,3,2,4,5,1,2,2,2,4,3,2,4,2,3,2,5,4,3,3,3,3,1,1,3,3,1,3,6,4,2,2,1,2,4,2
"Femmina",26,8,5,4,5,2,4,2,3,1,3,1,2,2,3,2,4,3,1,4,3,4,3,3,3,3,4,3,4,2,4,2,4,2,1,3,2,3,6,3,6,3,5,6,6,3,4,5,5,6,3,7,8,7,5,4,4,6,2,8
"Maschio",36,2,2,2,2,3,2,3,2,4,3,4,3,3,2,4,4,2,3,2,4,3,2,3,2,3,2,4,3,3,2,3,2,5,3,2,3,2,2,1,2,3,3,3,2,2,2,2,2,2,2,3,4,2,1,2,1,2,0,0
"Femmina",20,7,4,4,3,5,4,3,2,4,2,1,2,1,2,3,3,3,2,2,3,2,3,4,2,3,2,3,2,1,2,3,3,4,2,2,2,2,3,3,5,4,3,4,3,3,4,3,5,4,6,7,6,6,4,3,5,2,1,7
"Maschio",23,8,5,5,3,4,5,3,4,3,4,4,2,1,5,5,2,3,3,4,4,4,3,3,2,3,3,4,3,4,3,3,3,4,4,3,2,3,5,5,3,5,4,3,5,6,6,5,4,6,7,7,6,8,7,6,8,7,7,8
"Maschio",22,7,6,5,3,2,5,3,4,1,3,1,1,2,4,4,2,5,1,5,2,4,5,2,4,1,4,2,4,1,4,2,3,2,1,3,2,3,6,6,7,5,7,6,6,6,5,6,6,6,5,8,8,9,6,8,7,7,0,8
"Maschio",22,5,4,4,4,6,2,2,3,3,4,2,2,3,3,3,2,3,3,3,3,3,3,3,3,2,2,4,3,4,3,3,3,3,1,3,4,2,5,4,4,3,5,5,3,4,3,3,3,3,2,6,6,6,6,6,4,4,7,5
"Femmina",22,6,3,2,1,6,5,5,4,5,2,4,5,2,3,4,5,3,5,5,5,2,4,5,2,5,4,2,4,2,4,2,4,2,3,3,3,3,2,2,6,3,6,5,1,6,2,6,3,3,2,5,9,3,3,6,2,1,8,6
"Femmina",32,5,4,4,4,4,3,2,3,3,2,1,2,1,3,3,4,3,1,3,4,1,3,3,1,2,3,3,3,3,3,3,3,3,1,3,4,2,2,4,4,4,6,6,5,6,2,1,2,2,1,5,5,4,6,5,5,5,0,5
"Femmina",28,5,4,4,3,5,4,2,2,2,2,2,3,2,3,3,3,3,1,3,3,3,3,3,3,2,3,2,4,2,3,2,3,2,2,3,3,3,2,3,4,3,4,6,4,4,3,3,2,2,2,4,5,5,6,4,4,4,7,5
"Maschio",40,2,3,3,2,3,3,3,1,3,1,3,3,2,2,3,3,3,4,2,2,2,2,4,2,2,2,4,3,3,3,3,2,4,4,2,2,2,2,3,5,5,6,6,2,6,2,3,2,2,1,5,2,2,4,2,2,2,2,2
"Femmina",46,7,6,6,2,3,5,2,4,1,4,1,1,1,4,3,1,4,1,3,1,4,4,1,4,1,5,2,4,2,4,1,4,2,1,4,1,4,6,3,7,7,7,6,3,6,3,5,6,5,7,7,10,8,6,8,4,7,1,8
"Femmina",19,7,5,5,4,4,4,5,3,4,4,3,3,2,3,3,3,2,2,3,4,4,2,3,2,3,3,3,4,3,3,3,4,3,5,4,3,4,6,3,2,4,3,4,3,2,5,2,5,3,4,3,3,7,4,2,2,2,2,2
"Femmina",49,8,6,7,5,1,5,1,4,2,5,1,1,2,5,5,5,4,1,5,4,5,5,3,5,1,5,2,4,2,4,2,4,1,1,4,4,4,7,7,7,7,6,7,6,7,5,5,6,5,6,7,10,8,8,7,3,3,7,8
"Femmina",24,7,6,6,6,3,4,2,4,2,4,1,1,1,4,4,2,3,1,2,1,4,3,1,4,1,4,2,4,1,3,1,4,1,1,4,1,3,5,5,5,5,5,5,5,5,5,4,5,5,5,7,7,7,8,7,7,3,3,7
"Maschio",23,3,6,4,7,1,4,2,4,2,5,1,2,2,4,3,3,4,1,5,2,4,4,2,5,1,4,2,5,1,4,2,4,2,1,4,2,4,6,7,5,6,5,7,7,7,5,5,6,5,6,7,6,7,10,5,7,0,10,7
"Femmina",21,9,6,6,5,2,4,2,3,1,4,1,1,1,5,3,3,3,1,5,2,4,3,1,4,1,4,2,4,2,4,2,5,1,1,4,2,5,6,6,5,5,5,7,6,6,7,7,7,5,6,10,10,9,9,9,8,7,7,10
"Maschio",23,7,6,5,6,5,5,3,4,3,3,3,2,1,4,2,2,3,1,4,2,3,3,2,4,2,3,3,4,2,4,2,3,3,4,3,2,2,5,7,5,6,5,5,3,5,4,5,5,4,3,7,6,7,9,8,8,4,6,7
"Femmina",20,8,7,7,7,1,5,2,1,1,4,1,1,1,4,4,1,5,1,4,2,5,4,2,3,1,5,2,5,1,5,1,5,2,1,4,1,5,6,5,7,7,7,7,6,6,6,4,5,4,4,8,9,8,8,8,8,7,7,8
"Maschio",20,5,4,3,6,3,3,1,2,4,4,1,4,1,4,4,2,3,3,1,3,4,3,3,3,3,3,3,3,4,3,3,3,4,4,3,4,4,3,5,5,5,5,5,4,5,3,6,4,7,3,8,7,9,7,8,8,7,4,4
"Femmina",27,6,6,5,5,2,4,3,4,2,3,2,3,3,3,4,3,3,2,2,3,3,3,2,3,2,4,2,4,2,4,1,5,2,2,4,2,3,5,5,5,6,6,7,7,6,6,5,5,6,5,5,9,7,8,8,6,3,3,7
"Femmina",19,6,6,6,4,1,4,2,5,4,4,1,2,2,3,4,1,3,1,3,2,4,4,2,3,3,2,4,3,4,2,4,3,5,4,2,3,2,4,6,5,5,6,7,7,6,4,3,4,4,2,6,8,7,8,8,8,7,6,6
"Femmina",22,9,6,5,5,2,5,2,4,3,4,1,3,2,4,4,3,3,3,4,4,4,4,4,4,3,4,2,4,2,4,2,4,3,3,4,2,4,6,6,6,5,5,5,6,6,5,4,6,5,5,9,10,8,9,8,9,6,6,9
"Femmina",22,8,6,5,6,5,3,2,3,2,2,2,2,2,4,3,3,2,1,2,2,5,4,3,4,1,4,1,4,1,4,2,4,3,1,4,2,4,6,5,4,3,6,6,6,6,5,5,5,6,5,8,9,9,9,9,8,4,4,8
"Femmina",25,5,5,4,4,7,1,5,5,5,3,5,5,5,5,4,5,1,5,3,5,3,3,5,3,5,1,5,3,3,1,5,3,5,5,3,5,3,1,2,1,5,2,2,2,1,1,4,2,1,1,3,3,1,1,0,0,0,0,5
"Femmina",25,5,5,5,4,1,3,2,3,4,2,4,1,1,3,2,3,3,2,2,4,3,2,2,4,1,4,2,4,1,5,1,4,2,1,4,1,3,4,3,5,2,4,5,5,4,3,3,4,3,3,4,8,6,9,5,5,5,3,7
"Femmina",23,5,5,4,3,5,4,5,3,4,3,5,5,3,3,3,4,2,3,2,4,3,3,3,2,3,2,4,3,3,2,3,2,3,5,2,3,2,3,3,3,3,3,4,4,3,3,3,2,3,1,3,6,2,2,2,4,0,0,6
"Femmina",25,4,4,3,3,5,3,2,3,4,2,1,2,2,3,4,4,3,3,2,3,3,3,2,3,2,2,3,3,2,3,2,2,3,2,2,3,2,2,2,3,3,5,3,2,5,2,2,3,2,2,2,10,2,2,3,2,2,0,4
"Femmina",25,6,5,4,3,4,3,1,2,2,4,2,1,2,2,4,4,4,2,3,2,4,4,2,2,1,3,3,3,2,3,2,2,2,1,1,3,2,5,4,5,4,6,6,6,5,3,5,5,5,3,7,7,8,6,8,5,6,1,6
"Femmina",24,7,6,6,5,3,4,3,3,4,3,1,2,1,4,4,1,4,2,4,1,4,4,2,4,1,5,1,3,2,4,2,4,2,1,4,1,5,3,1,4,4,5,6,2,4,4,3,4,4,3,5,5,7,4,5,3,0,3,7
"Maschio",22,8,6,5,3,4,4,2,4,3,4,1,3,3,4,4,4,3,2,3,3,4,5,3,5,2,4,3,4,3,4,3,4,3,1,3,3,3,7,7,7,7,7,7,6,5,4,4,5,5,6,8,10,9,8,9,5,2,3,8
"Femmina",24,6,6,5,5,3,5,4,3,4,3,4,4,3,3,4,5,3,3,3,5,4,4,5,3,5,4,4,4,4,3,3,3,3,5,3,5,4,5,5,5,5,5,6,5,6,5,5,5,6,6,9,0,6,8,8,6,7,1,9
"Maschio",20,8,5,4,6,6,4,2,1,3,2,2,2,1,2,2,2,2,1,2,1,3,2,3,3,2,4,5,3,4,3,5,4,4,2,2,2,2,6,6,4,6,5,5,5,6,3,3,5,3,4,7,8,7,8,4,2,1,0,7
"Femmina",22,7,6,6,6,2,3,1,3,2,5,1,2,1,3,3,2,3,3,3,3,4,4,2,4,1,3,2,4,2,4,1,4,2,1,4,2,4,5,5,5,4,6,6,3,5,5,4,5,4,3,7,8,6,9,7,7,4,8,8
"Femmina",25,4,5,2,3,6,4,4,2,3,3,1,2,1,2,2,2,3,1,2,3,4,3,3,2,2,3,4,3,1,1,2,2,3,1,1,4,1,5,5,5,4,5,6,4,5,2,5,3,3,5,8,8,6,5,5,6,3,6,2
"Femmina",25,2,4,3,2,6,3,4,2,3,1,5,3,3,2,2,5,2,2,2,4,3,2,4,1,4,3,4,3,4,3,4,2,4,4,2,4,1,2,6,4,2,2,3,1,4,1,1,1,3,1,1,7,1,9,2,1,1,10,3
"Maschio",52,6,5,6,4,6,4,2,3,3,3,2,4,2,3,4,4,3,2,3,4,4,3,4,4,2,4,2,3,2,4,2,3,3,2,4,3,3,4,4,4,5,4,5,5,5,4,3,3,3,2,5,3,6,6,6,6,7,6,6
"Femmina",23,6,4,4,5,7,3,4,3,4,3,2,3,3,3,2,4,2,4,2,4,2,3,4,2,4,4,2,4,2,4,2,4,2,4,3,2,2,6,5,5,5,5,5,2,4,2,2,3,1,1,6,6,3,9,8,7,3,9,6
"Femmina",24,7,5,6,5,2,4,1,2,1,3,2,2,1,4,4,1,4,1,4,1,3,3,2,3,2,5,1,4,1,4,1,4,2,2,3,1,3,5,3,4,5,6,6,6,6,5,3,5,5,3,5,8,4,5,5,5,3,7,6
"Femmina",22,9,6,6,5,2,5,4,4,3,4,1,3,2,4,4,2,4,2,4,3,4,4,2,4,2,4,2,5,1,4,2,4,2,3,3,1,4,6,6,6,6,6,6,6,5,6,6,6,6,6,9,9,9,9,9,9,9,9,9
"Femmina",24,8,7,6,6,1,5,3,4,3,4,2,3,2,5,3,3,5,3,4,3,5,4,2,5,3,5,2,5,2,5,3,5,2,3,5,3,4,7,7,7,7,7,7,6,6,7,6,7,7,7,8,10,10,9,10,7,6,6,9
"Femmina",23,8,7,6,5,1,3,2,2,1,4,1,1,1,3,3,2,4,1,3,1,4,4,3,3,2,2,3,2,3,2,3,2,3,3,2,2,2,6,6,3,4,3,7,7,7,4,6,5,4,4,9,8,7,9,10,7,8,9,8
"Femmina",22,7,5,5,3,4,5,3,3,2,3,1,2,2,3,4,2,3,2,3,3,3,3,3,3,3,3,4,3,1,3,2,3,2,2,3,2,3,5,6,5,5,6,7,5,6,5,5,5,5,3,5,9,10,9,8,8,3,7,7
"Femmina",23,7,4,3,2,5,3,5,3,4,1,2,4,2,2,3,5,3,3,2,5,4,3,3,3,3,2,4,2,4,3,3,3,3,4,2,4,2,7,5,4,6,4,6,1,4,4,2,3,2,2,6,2,5,7,4,2,1,1,5
"Maschio",33,5,4,3,5,6,4,1,3,1,3,1,1,2,3,4,3,5,1,3,2,5,4,2,4,1,3,3,3,2,2,4,2,4,2,3,4,3,5,5,7,5,7,6,5,6,5,2,4,4,1,4,4,7,6,2,5,2,2,4
"Femmina",25,6,4,4,4,5,2,5,2,5,3,3,4,2,3,4,2,2,1,2,2,3,3,4,2,4,2,3,3,3,2,2,2,3,4,2,3,2,3,2,3,2,4,4,2,5,4,1,5,5,4,4,10,6,9,7,7,0,5,7
"Femmina",26,8,6,6,6,4,5,5,3,4,4,2,4,2,4,4,4,4,2,4,2,2,3,2,3,4,4,3,4,2,3,3,3,3,4,3,2,3,7,7,6,6,6,7,6,6,6,5,6,5,5,8,9,8,9,9,8,4,7,8
"Femmina",24,7,7,6,5,1,3,2,5,2,4,2,3,2,5,2,4,3,5,5,3,5,5,5,5,3,4,2,5,2,5,2,5,3,2,5,3,4,6,7,7,7,7,7,5,6,3,3,5,4,7,7,4,7,10,4,6,4,0,8
"Maschio",60,9,7,7,7,1,5,1,4,1,5,1,1,1,5,5,1,4,1,5,1,5,5,1,5,1,5,1,5,1,5,1,5,1,1,5,1,5,7,6,7,7,7,7,7,7,7,4,7,6,7,8,10,9,10,10,9,5,10,9
"Femmina",28,7,6,5,5,5,3,4,4,1,3,5,4,1,4,3,5,4,4,2,4,3,3,4,5,4,3,3,3,2,3,3,2,3,3,5,3,4,3,5,5,5,7,5,3,4,2,4,3,2,1,7,10,7,8,10,10,3,6,7
"Femmina",22,6,6,5,3,7,3,4,4,5,2,2,3,2,3,4,5,1,2,2,3,2,3,3,3,3,3,3,4,2,3,2,4,5,3,4,3,2,5,2,3,6,5,7,5,5,4,3,3,5,6,6,5,6,6,4,5,4,6,6
"Femmina",22,7,7,7,6,2,4,1,3,1,5,1,2,1,4,4,2,4,1,5,2,4,4,1,5,1,4,1,4,1,4,1,4,1,1,4,1,4,6,7,6,7,7,6,6,6,5,6,6,5,3,9,10,8,10,10,9,8,6,7
"Maschio",24,7,5,5,2,4,3,2,4,3,2,3,4,1,3,3,2,1,1,2,3,2,2,1,2,3,4,1,3,2,3,2,3,2,2,3,1,3,4,5,5,5,4,5,4,5,5,5,5,4,4,7,8,6,6,7,7,4,1,7
"Femmina",24,7,6,6,3,6,4,4,2,4,3,3,2,4,2,5,5,3,2,2,4,2,3,4,2,2,3,5,3,5,3,5,3,5,2,2,4,2,4,4,3,3,6,6,3,6,2,4,2,2,2,6,10,2,8,6,4,2,2,4
"Femmina",25,6,5,5,4,5,4,3,3,4,4,1,3,2,3,5,5,4,3,3,4,5,3,2,3,2,3,3,4,3,3,3,3,2,2,3,2,3,7,4,4,4,5,5,5,6,5,7,4,4,6,9,9,6,2,2,2,2,2,5
"Femmina",28,7,6,5,4,4,2,1,1,1,2,1,2,1,2,3,2,3,1,2,1,2,3,1,3,1,2,2,3,1,3,1,2,1,1,2,1,3,4,3,5,5,5,5,4,4,3,3,5,5,2,7,9,8,6,8,6,5,0,6
"Maschio",23,9,6,6,5,2,4,1,3,1,3,2,2,2,4,2,2,4,2,3,3,3,4,1,4,1,5,3,5,1,5,1,5,2,1,4,3,4,6,6,6,6,6,6,5,7,6,7,7,7,6,9,8,8,8,9,8,8,10,9
"Femmina",21,6,5,5,5,4,3,2,3,2,1,1,3,4,3,4,5,2,4,3,5,3,3,2,3,1,3,4,3,4,3,1,4,4,2,2,4,3,4,5,5,6,4,5,3,3,2,2,4,2,2,6,7,5,5,6,6,5,4,6
"Maschio",23,5,4,2,4,4,3,2,3,2,4,2,2,2,3,3,4,3,4,4,4,4,4,4,4,4,3,4,3,4,3,4,2,4,2,4,3,2,3,2,4,4,5,6,4,3,2,3,2,5,3,3,4,3,1,8,6,5,10,5
"Maschio",19,4,4,3,1,6,1,1,1,4,2,1,1,1,1,2,1,1,1,1,2,1,1,2,1,2,2,5,3,2,1,1,2,4,2,1,1,1,2,2,3,2,1,2,2,4,2,2,1,1,2,5,9,3,3,1,3,0,0,3
"Femmina",29,7,5,3,2,6,3,4,1,4,5,1,4,1,2,3,2,4,2,4,5,4,4,4,4,4,1,5,5,1,4,2,2,4,4,2,4,2,1,1,1,1,7,7,1,1,1,1,1,6,2,1,1,1,1,1,0,0,0,3
"Femmina",26,6,5,5,7,5,5,3,4,3,4,2,3,1,3,3,4,4,1,5,3,4,5,4,4,3,5,3,5,3,4,3,5,5,4,5,5,4,4,7,7,6,7,6,3,4,3,3,4,6,3,6,10,6,10,7,5,0,6,5
"Femmina",26,9,6,7,5,4,4,2,1,1,3,4,2,3,4,5,3,2,2,4,1,5,4,2,4,2,4,3,3,1,3,1,3,4,3,3,2,3,6,5,5,5,6,6,7,7,6,7,7,7,7,9,8,8,8,7,7,8,7,10
"Femmina",23,8,6,6,6,2,5,2,5,3,5,2,4,1,5,5,2,4,3,5,3,4,4,4,5,5,4,2,4,2,4,2,4,3,3,4,3,4,7,6,7,7,6,7,7,7,5,5,6,7,5,5,10,10,8,4,7,2,10,9
"Femmina",25,6,5,3,2,6,4,4,3,3,4,2,4,2,4,4,5,4,2,3,4,4,4,4,4,3,4,2,4,2,3,3,4,2,3,4,4,3,4,5,5,5,3,4,2,5,2,1,4,5,1,6,6,6,8,8,6,3,0,7
"Maschio",20,7,5,6,5,2,5,1,4,2,5,5,3,2,4,1,2,3,1,4,1,5,3,2,4,1,4,4,3,3,3,3,3,3,1,2,3,2,4,3,6,5,7,6,5,7,4,1,3,5,3,4,10,8,2,0,5,6,10,5
"Femmina",26,7,6,6,6,1,4,1,1,1,4,1,1,1,3,1,1,4,1,3,2,3,3,2,3,1,4,3,4,3,4,3,4,3,2,3,3,3,6,5,6,5,7,6,5,5,5,4,5,4,4,8,8,8,8,8,8,8,6,8
"Femmina",28,1,3,4,3,1,2,5,1,3,1,5,5,1,1,1,2,1,4,1,2,1,1,4,1,5,1,4,2,3,1,3,1,5,5,1,1,1,1,1,1,1,1,1,1,3,2,2,1,2,2,1,1,0,0,0,0,0,6,0
"Femmina",25,7,6,5,4,4,3,3,4,3,4,1,2,1,3,2,4,3,1,2,4,3,3,2,3,2,4,3,3,2,3,3,3,3,2,3,3,3,5,5,4,4,5,6,4,5,4,2,4,3,4,5,8,6,8,5,3,3,3,8
"Femmina",23,5,5,1,6,4,5,5,2,5,3,1,5,1,3,3,5,4,1,1,5,5,5,5,3,1,4,4,4,4,4,4,4,4,1,3,1,2,1,7,1,1,7,3,3,7,1,5,2,2,2,0,10,8,9,10,10,0,0,0
"Femmina",22,7,4,3,3,2,4,4,3,3,3,1,3,2,3,2,3,2,2,1,3,3,2,3,3,2,3,3,4,3,4,4,3,3,2,3,3,3,5,2,6,3,5,5,2,4,3,5,3,5,3,7,8,7,4,6,3,2,0,6
"Femmina",35,7,5,5,2,7,3,2,3,2,3,1,5,4,3,5,5,2,1,4,5,1,1,5,3,3,2,4,3,4,3,2,4,2,2,3,5,3,3,5,3,3,5,6,2,6,3,4,6,4,2,5,9,3,8,9,8,0,1,8
"Femmina",26,6,4,4,3,6,3,4,2,3,4,2,4,2,3,3,3,3,2,3,3,3,3,3,3,4,3,3,3,3,3,3,3,3,4,3,3,4,4,4,4,4,6,4,2,6,2,2,3,5,2,6,6,7,4,4,3,0,0,5
"Maschio",22,6,5,3,4,3,5,4,4,3,4,2,2,4,4,4,5,3,2,5,5,3,3,2,2,2,4,3,4,4,4,3,4,4,1,4,4,3,5,4,5,6,6,4,3,5,2,3,3,2,2,2,9,8,6,4,5,1,3,6
"Femmina",20,9,7,7,7,1,5,2,4,1,5,1,2,1,4,5,4,4,1,4,1,4,4,1,4,1,5,2,5,1,5,1,5,1,1,5,1,4,6,7,7,7,7,7,6,6,6,6,6,5,6,10,10,9,10,9,10,8,9,10
"Femmina",27,8,6,4,4,5,5,3,5,3,4,1,2,1,5,3,3,4,1,4,3,4,5,4,4,3,4,2,3,2,4,2,3,3,3,3,2,3,6,7,6,6,6,6,6,7,5,7,6,5,5,9,10,9,10,9,7,7,10,8
"Femmina",21,2,2,1,4,7,1,3,1,3,5,1,1,5,1,5,5,1,1,1,5,4,2,4,2,1,1,5,3,4,3,3,1,5,1,1,5,1,2,2,2,2,5,5,2,6,1,1,2,1,1,0,9,3,1,1,5,1,5,1
"Femmina",24,4,4,3,3,7,3,4,2,4,2,2,3,3,2,4,4,3,3,2,3,3,2,4,2,2,2,3,2,1,1,3,2,3,3,2,3,2,3,2,2,2,2,3,3,3,2,1,2,2,1,2,3,3,1,1,1,1,2,2
"Femmina",25,7,6,6,4,6,5,5,4,4,3,2,4,4,4,3,5,4,1,4,5,4,3,4,3,4,4,3,4,3,4,2,4,3,4,4,3,3,5,3,4,3,4,6,6,3,5,6,6,6,5,8,5,6,3,8,6,6,9,8
"Maschio",23,5,4,3,2,6,4,4,2,3,2,3,5,3,1,2,4,2,3,3,5,2,2,4,3,5,2,4,3,3,3,3,2,4,5,2,4,2,3,5,4,3,6,5,2,3,2,2,3,1,4,6,6,5,6,4,5,3,2,5
"Femmina",23,7,6,5,7,1,3,2,5,2,4,2,4,2,5,3,2,4,2,4,3,5,2,3,4,5,4,1,4,2,5,1,5,1,4,4,2,2,6,7,4,6,6,4,5,6,6,4,4,6,2,5,5,7,9,7,2,4,7,7
"Femmina",56,7,5,6,5,4,3,2,2,2,3,1,2,1,4,3,1,1,1,3,2,4,5,3,3,2,2,1,3,1,2,1,3,3,2,4,2,2,3,1,2,4,5,6,3,3,6,4,3,3,4,4,4,4,2,2,1,3,6,6
"Femmina",21,7,5,5,4,5,3,2,2,2,1,1,1,2,3,4,4,2,2,3,4,2,2,2,4,1,3,3,3,4,3,2,3,2,1,4,3,2,5,6,4,3,5,5,2,4,3,3,4,5,3,6,10,7,6,5,5,4,0,7
"Femmina",19,10,7,5,5,5,2,4,2,4,4,4,4,1,3,4,4,4,4,3,4,4,4,4,4,4,3,4,3,2,2,2,4,3,4,3,3,3,6,5,7,4,4,4,4,5,4,6,6,5,4,7,7,7,7,10,7,7,7,10
"Femmina",21,6,4,4,4,3,3,3,2,4,3,1,2,2,3,4,5,4,2,3,4,3,3,4,2,2,3,4,3,3,3,2,3,4,1,3,3,3,5,5,4,5,6,5,3,5,3,3,3,3,3,6,7,7,7,5,8,4,8,6
"Femmina",23,4,3,4,5,5,2,3,3,3,4,4,3,2,2,2,4,4,4,3,5,5,4,5,5,5,1,3,2,3,2,2,4,3,3,3,4,4,2,1,3,4,3,2,3,3,4,3,3,2,3,0,5,3,3,3,5,5,9,6
"Femmina",24,8,6,6,2,4,4,2,2,2,4,1,1,1,4,4,3,4,1,4,3,4,4,3,4,1,3,3,4,2,4,2,4,2,1,4,2,4,6,6,6,6,6,6,4,6,4,4,6,6,3,8,8,9,9,9,8,6,3,8
"Maschio",21,9,6,6,5,6,3,2,3,4,2,2,2,2,3,3,2,2,4,2,3,1,4,3,3,3,4,2,4,2,4,2,5,2,2,5,3,3,7,7,7,7,7,7,5,6,6,6,7,6,6,8,9,9,9,8,5,3,10,8
"Femmina",21,7,7,7,6,1,5,2,3,1,4,1,2,1,4,4,2,4,1,4,2,5,5,2,4,2,4,2,4,1,4,4,2,1,1,4,1,3,6,6,7,6,6,6,6,6,6,5,6,6,4,9,7,8,9,8,8,7,3,8
"Maschio",22,7,6,6,7,2,5,2,4,1,5,2,3,2,4,4,2,4,2,2,3,5,5,2,4,1,5,1,4,2,4,2,5,1,2,4,1,4,5,6,7,7,7,7,7,6,6,5,7,7,6,8,10,10,9,10,10,10,3,9
"Femmina",23,4,3,4,2,6,4,5,3,4,3,5,3,1,2,3,5,4,3,3,5,4,5,4,2,4,1,5,3,3,1,5,2,4,4,2,5,1,2,5,3,2,6,4,1,6,2,2,2,3,4,2,2,4,5,8,1,0,0,4
"Femmina",20,8,5,5,3,5,4,2,4,3,2,3,3,1,3,2,3,4,3,2,3,3,3,3,3,3,4,2,4,2,4,2,4,2,2,3,2,3,5,7,6,4,4,5,3,6,4,5,6,5,3,8,7,5,9,9,8,3,7,9
"Femmina",20,9,7,6,6,2,5,1,3,2,3,1,3,2,4,4,2,4,2,4,2,5,4,2,4,3,4,3,4,2,5,2,5,2,1,4,2,4,6,6,7,5,5,5,4,7,4,7,7,5,6,9,10,8,6,4,3,2,1,9
"Femmina",23,4,4,3,3,5,3,2,3,3,2,4,3,4,2,5,4,2,3,2,4,3,2,3,3,3,3,2,3,2,3,1,2,2,1,2,2,3,3,6,4,3,6,3,4,5,1,1,3,1,1,4,9,4,8,5,7,4,0,4
"Femmina",23,1,3,3,1,6,3,4,3,4,4,3,2,2,4,4,3,2,5,3,5,3,3,4,4,4,2,5,2,4,2,5,2,5,4,2,3,2,1,1,1,6,6,4,1,6,1,5,1,2,2,4,8,2,2,2,3,0,7,4
"Femmina",22,7,5,5,3,5,4,2,3,1,4,2,3,1,2,3,3,4,1,1,1,4,4,2,3,3,4,2,3,2,4,2,4,3,4,3,2,3,5,6,6,6,6,7,5,6,6,7,5,6,4,9,9,9,9,9,8,9,7,8
"Femmina",23,6,4,5,2,4,2,5,2,2,1,2,4,3,2,4,4,1,4,1,4,4,1,3,1,4,5,4,5,4,5,5,5,5,5,5,4,2,5,4,3,2,3,7,2,3,3,3,3,4,2,3,10,6,6,6,6,4,4,6
"Femmina",22,8,6,5,4,3,4,2,3,1,4,1,2,2,4,4,3,4,1,2,2,5,4,2,4,1,4,1,3,1,3,1,4,1,1,4,2,4,6,6,6,5,6,6,6,6,6,5,6,6,6,7,7,9,8,9,7,8,8,9
"Maschio",72,7,5,4,3,3,3,1,2,1,3,1,1,1,2,2,2,2,1,2,1,3,3,1,1,4,2,3,3,2,3,3,2,2,1,1,1,4,3,3,3,3,3,3,2,5,3,4,3,3,3,2,1,2,2,4,6,2,6,4
"Femmina",22,7,6,3,6,2,4,4,2,2,3,1,2,2,3,3,3,4,2,2,4,4,4,3,3,2,3,3,3,3,4,2,4,2,1,3,2,2,4,6,4,5,6,6,3,6,6,3,4,4,6,4,2,4,7,7,7,2,7,6
"Femmina",23,8,5,6,6,2,5,3,2,3,2,2,2,2,3,3,4,3,2,2,3,4,4,2,3,1,4,2,4,1,5,2,4,1,2,4,2,4,5,6,7,6,5,4,5,6,5,2,6,6,5,6,4,8,10,2,2,2,9,8
"Femmina",26,7,6,6,6,4,5,3,4,2,4,2,1,2,3,4,2,4,3,3,2,3,4,2,4,2,4,2,3,2,4,2,4,3,2,4,2,4,5,4,5,5,6,4,5,6,5,4,5,4,4,8,7,7,6,6,5,5,3,5
"Femmina",23,8,5,4,3,6,3,2,3,2,1,2,4,1,3,1,4,2,4,3,4,3,3,3,3,4,2,4,3,4,3,2,2,3,3,3,4,2,4,6,3,6,4,5,2,2,2,3,5,3,4,8,8,6,9,5,6,3,3,7
"Femmina",23,4,3,3,2,7,2,4,3,4,3,2,4,2,2,3,3,1,2,3,4,1,3,4,3,3,3,4,3,3,4,4,2,4,2,3,4,1,3,4,2,5,4,5,3,3,1,1,1,2,2,5,3,0,4,4,0,1,4,2
"Femmina",26,6,5,4,5,2,3,2,4,4,4,1,1,3,3,4,3,3,1,2,2,4,4,3,3,1,3,3,3,3,3,3,3,3,1,3,3,2,4,5,4,4,7,6,5,5,2,4,4,2,1,6,8,5,5,7,4,4,10,5
"Maschio",22,8,6,5,6,2,4,1,2,2,4,1,1,1,4,4,2,4,2,4,2,2,4,2,4,2,5,1,4,1,4,1,3,3,1,4,1,3,5,3,6,6,6,6,6,6,3,3,6,5,3,8,10,7,5,9,5,3,0,8
"Femmina",21,9,7,6,7,3,5,2,4,2,5,3,4,1,5,2,2,4,1,5,4,5,5,4,5,2,5,2,3,2,3,2,5,2,2,3,2,4,7,7,7,7,7,7,6,6,6,5,7,7,6,10,7,9,9,8,9,6,4,10
"Femmina",19,7,5,5,4,3,3,3,3,2,3,2,2,2,4,5,4,3,4,3,4,3,3,3,3,3,3,3,4,1,3,3,3,3,3,3,3,3,4,5,4,5,4,6,4,5,4,5,5,5,4,6,9,6,9,8,7,4,1,8
"Femmina",19,6,2,4,2,7,4,5,2,4,2,4,4,1,2,5,5,1,1,1,5,4,3,4,1,4,2,4,2,4,3,4,4,4,5,1,4,1,5,5,2,1,7,6,1,5,1,3,2,1,7,6,6,5,8,2,5,0,0,5
"Femmina",25,7,7,6,5,2,4,2,3,2,3,2,1,1,4,2,2,3,1,4,2,3,5,2,3,1,5,2,4,2,4,2,5,3,1,5,3,5,5,6,6,7,6,7,7,7,6,5,6,6,3,7,8,6,9,10,7,5,8,8
"Femmina",21,8,6,6,4,2,4,2,2,2,2,1,1,1,3,3,3,1,2,2,3,3,3,2,2,1,4,3,4,2,4,2,4,2,1,3,2,4,6,5,4,4,5,5,7,6,5,5,5,4,3,5,9,5,8,7,2,4,10,7
"Femmina",22,9,7,7,6,1,5,2,4,1,4,3,2,3,4,5,2,4,3,5,4,5,4,3,4,2,5,1,4,1,4,2,4,2,2,4,2,4,5,5,7,6,5,6,5,5,5,6,5,5,7,9,9,9,8,10,10,9,8,10
"Femmina",53,7,5,5,4,4,5,3,4,3,3,2,3,2,4,5,4,4,1,3,3,4,4,4,5,3,4,2,3,3,4,3,3,2,2,4,2,3,4,5,4,4,6,6,4,6,4,3,5,5,4,6,6,8,8,8,8,5,3,5
"Femmina",37,5,4,5,4,6,2,2,2,1,4,4,2,2,3,3,5,5,1,2,4,4,4,1,2,1,3,4,3,1,3,3,2,3,1,3,4,3,2,1,3,3,7,6,5,5,5,1,5,5,2,2,3,5,5,5,6,4,7,5
"Maschio",24,8,6,6,2,2,5,2,5,4,5,2,4,5,3,5,5,4,1,4,5,5,4,2,5,4,3,3,4,4,5,1,2,4,3,4,5,4,5,6,6,7,6,4,4,7,3,4,5,4,2,7,6,8,9,4,7,5,8,8
"Maschio",28,5,3,3,1,6,5,2,2,2,4,5,4,5,1,5,5,3,2,1,4,3,4,4,3,3,1,5,3,4,3,4,3,4,4,2,5,1,1,2,3,4,6,1,1,1,1,1,1,2,1,0,3,0,1,0,0,0,0,1
"Femmina",22,8,5,5,2,6,4,5,4,5,5,3,4,4,4,3,5,4,2,3,4,4,4,4,3,3,4,2,4,3,3,4,3,3,2,4,4,2,5,5,5,4,5,7,5,6,4,6,5,7,4,10,9,9,9,9,6,8,6,9
"Maschio",39,0,1,4,1,7,1,3,5,1,1,1,3,4,1,3,3,3,4,1,3,5,5,2,1,3,1,5,3,1,3,3,1,4,3,2,2,1,1,1,1,4,6,4,1,5,1,1,1,1,1,0,9,0,0,0,0,0,0,0
"Maschio",25,7,6,6,5,2,5,2,2,3,4,2,4,3,3,3,2,4,2,3,4,5,5,3,4,3,4,3,5,3,4,2,5,3,2,4,3,4,3,6,5,4,5,6,6,6,5,3,5,6,4,7,8,8,7,6,8,5,9,8
"Maschio",21,5,4,3,3,6,3,3,2,2,4,2,2,1,2,4,4,2,2,4,4,4,2,2,4,2,4,2,4,2,4,2,3,3,1,3,4,2,3,3,3,3,6,4,4,5,3,2,3,2,1,4,8,4,5,8,2,5,0,5
"Femmina",24,7,5,4,5,5,4,3,5,2,4,2,2,1,5,3,3,3,1,4,3,4,3,2,4,1,4,3,4,1,3,3,3,3,3,2,3,3,6,4,5,3,6,5,6,5,4,4,5,5,7,6,8,9,7,6,7,6,4,8
"Femmina",24,8,6,7,5,4,3,3,3,3,1,1,1,3,4,4,5,1,1,4,4,4,4,4,4,4,4,2,4,2,4,2,4,2,2,5,2,4,5,5,5,5,5,5,5,5,5,5,5,5,5,7,7,7,8,6,7,8,8,8
"Femmina",23,9,7,6,5,3,3,2,4,2,3,2,2,1,5,2,3,3,3,4,3,3,3,2,3,2,3,2,3,2,4,2,4,2,2,4,1,3,6,6,7,7,6,6,5,7,6,6,6,6,6,8,8,9,9,9,9,3,3,9
"Femmina",20,7,6,6,5,2,4,3,4,3,4,2,3,2,4,4,4,4,2,3,4,4,4,3,3,3,4,3,4,3,4,3,4,2,3,4,2,4,6,5,5,5,5,6,2,5,3,3,5,5,2,8,7,8,7,7,7,2,4,7
"Femmina",21,6,5,4,1,5,2,4,5,4,4,3,3,3,1,5,4,2,2,2,3,3,2,2,3,1,2,4,3,3,2,2,2,3,2,2,4,2,3,3,3,3,5,4,1,5,3,3,3,3,1,3,5,3,3,3,3,3,3,5
"Femmina",27,6,4,2,2,6,3,4,3,3,1,2,3,1,2,3,3,3,4,3,4,2,3,3,5,2,2,4,3,3,4,2,4,2,1,4,4,2,2,4,4,4,6,5,1,6,1,1,3,3,2,5,9,6,8,8,5,0,0,6
"Femmina",26,6,3,3,4,3,4,2,2,3,3,2,2,2,3,2,4,4,2,4,3,3,4,4,3,2,3,4,3,2,3,4,3,3,1,3,4,2,5,6,6,5,7,4,3,5,4,3,2,2,1,6,10,5,9,7,8,0,8,5
"Femmina",29,5,5,5,4,2,4,2,3,2,3,2,2,2,3,2,2,3,2,3,2,3,3,2,3,2,4,2,4,2,3,2,4,2,2,4,2,4,5,4,5,5,5,5,5,5,4,4,4,4,2,3,8,5,5,5,5,2,2,5
"Femmina",20,8,6,6,6,1,5,2,4,1,5,1,2,2,5,4,2,4,1,5,3,5,4,2,4,1,5,1,5,1,5,1,4,1,1,5,1,4,6,5,7,5,7,7,7,7,6,6,6,7,6,7,6,8,8,8,7,7,0,8
"Femmina",22,7,5,4,1,4,4,2,3,2,2,1,2,1,3,4,4,2,4,1,5,2,3,2,3,2,4,3,3,3,3,2,3,3,2,3,4,3,2,2,5,6,4,6,1,2,2,2,2,3,1,4,3,1,5,5,0,0,0,5
"Femmina",34,6,6,6,7,5,4,1,1,1,5,1,2,1,2,5,2,4,1,1,2,5,4,2,4,2,3,2,3,1,3,2,3,2,2,3,1,3,7,6,6,6,6,7,6,6,4,4,6,5,4,7,9,7,9,6,6,0,7,5
"Femmina",21,2,2,2,1,6,2,5,3,4,1,5,5,5,2,3,5,2,4,2,4,1,1,5,1,4,2,5,2,5,2,5,2,5,5,2,4,2,3,4,2,6,6,4,2,2,2,2,1,1,1,0,0,0,3,1,1,0,0,3
"Femmina",21,6,6,5,3,6,4,4,3,4,5,2,2,2,3,4,3,3,2,2,4,5,4,3,4,2,4,4,4,3,3,3,3,3,2,3,4,3,6,5,6,5,5,6,4,5,5,5,5,6,5,7,10,9,6,7,6,5,5,7
"Maschio",20,6,4,5,4,4,4,2,3,2,4,3,3,4,3,5,2,3,3,3,4,4,4,3,5,2,3,3,3,4,3,2,3,2,2,3,4,3,3,4,5,4,6,5,5,6,4,4,5,3,2,5,7,5,9,8,7,7,3,5
"Femmina",22,8,7,6,6,2,4,2,3,1,3,1,2,1,5,3,2,4,1,4,3,4,4,2,4,1,4,2,5,1,4,2,5,2,1,4,3,4,5,7,6,7,6,6,4,6,5,6,7,4,6,9,9,9,9,7,6,6,7,9
"Femmina",19,8,6,6,6,2,4,2,4,1,3,1,1,1,4,4,2,4,1,3,2,4,4,1,4,1,4,2,4,2,4,1,4,1,1,3,3,4,5,6,5,6,6,7,7,6,5,3,5,6,4,7,8,7,9,9,6,5,0,9
"Femmina",26,3,4,4,4,4,4,3,2,4,4,4,4,2,2,2,3,2,2,3,2,3,4,3,3,2,2,3,2,3,2,3,2,2,2,2,3,1,3,2,2,4,4,3,2,4,2,1,1,4,2,4,6,4,5,4,4,3,1,4
"Femmina",23,8,6,6,2,2,5,3,2,3,5,4,1,1,3,5,3,5,1,3,3,5,4,2,5,1,5,2,5,1,4,1,3,2,1,4,2,4,7,7,7,6,7,7,1,7,7,6,7,7,5,9,9,10,10,7,5,0,0,10
"Femmina",19,7,6,4,2,2,3,3,3,3,3,2,4,2,3,2,3,2,4,4,3,4,4,5,5,4,4,3,4,3,3,3,4,2,3,4,2,3,5,6,6,5,5,4,5,4,4,3,5,5,6,7,9,8,8,6,8,3,9,6
"Femmina",24,8,6,6,5,2,4,1,3,1,4,4,2,1,4,2,2,4,1,3,3,4,4,1,4,1,4,2,4,2,4,1,5,2,3,4,2,4,6,6,6,6,6,6,4,6,5,5,7,6,6,10,10,10,10,10,9,8,4,10
"Maschio",24,5,4,5,3,6,5,5,2,3,3,2,4,1,4,4,4,4,4,5,5,5,3,1,4,1,3,1,3,1,3,1,3,1,1,2,3,3,7,4,7,7,6,5,3,5,1,4,4,2,2,6,10,6,6,5,10,4,3,6
"Femmina",22,7,4,4,3,4,4,3,2,2,2,3,2,4,4,3,4,3,3,2,5,3,3,3,3,1,2,4,3,3,2,4,3,3,2,3,4,3,6,1,5,4,6,7,6,3,3,4,4,3,2,6,5,6,2,6,2,6,7,6
"Femmina",22,6,6,6,4,4,3,3,3,3,2,2,2,2,3,3,4,3,2,2,3,2,3,3,2,2,4,2,3,2,3,2,3,2,3,3,2,2,4,5,5,4,5,6,2,5,3,3,4,3,4,5,9,6,8,9,6,3,8,7
"Femmina",25,8,7,7,4,5,5,2,3,3,4,2,2,2,5,5,4,4,3,4,3,5,4,4,4,3,4,1,3,2,4,2,5,1,2,4,3,4,6,6,7,6,5,7,6,6,5,6,6,5,5,9,9,8,7,7,6,4,6,9
"Femmina",47,8,7,6,6,1,5,2,4,3,4,2,2,1,3,3,5,4,2,2,4,4,4,3,4,2,4,1,5,2,5,2,5,1,1,4,3,3,4,5,5,4,6,6,5,6,6,5,6,5,5,7,10,8,10,9,7,7,10,8
"Maschio",38,9,7,6,4,2,4,3,3,2,3,2,2,3,3,4,5,4,3,4,5,3,4,2,4,3,5,1,4,1,4,1,5,1,1,3,2,4,5,4,5,3,6,5,5,3,5,6,6,6,5,8,10,9,6,6,9,7,4,9
"Femmina",22,4,4,3,4,6,4,4,2,4,5,1,1,2,2,1,4,4,1,1,4,4,4,3,3,1,2,4,2,4,2,2,1,5,1,1,3,1,3,2,2,4,5,6,5,4,2,3,2,2,1,0,7,1,1,3,0,0,0,1
"Maschio",37,9,6,6,6,1,5,2,4,3,3,1,3,2,4,4,3,4,1,4,3,4,4,3,4,2,4,3,3,1,3,1,3,2,4,3,2,3,6,6,6,5,6,5,6,6,6,5,6,5,5,8,5,8,9,5,8,6,9,9
"Maschio",19,7,6,7,7,2,4,2,4,2,4,2,2,3,4,4,2,4,3,3,3,3,3,3,4,2,4,3,4,2,4,2,4,2,2,4,3,4,5,5,5,6,6,6,6,6,6,6,5,5,5,7,8,7,6,7,7,7,6,7
"Maschio",62,7,5,5,5,5,5,2,4,2,3,1,1,3,5,5,3,3,1,5,3,5,2,4,5,1,4,2,5,1,4,1,3,3,2,4,1,3,3,3,7,4,7,7,4,7,5,2,6,4,6,6,10,8,5,10,5,5,10,7
"Femmina",39,6,6,6,5,2,4,1,2,2,4,1,1,1,4,4,2,4,1,4,3,5,3,2,3,1,5,2,4,1,3,1,4,2,1,5,2,5,6,4,5,6,6,6,5,6,4,3,6,5,5,6,8,8,9,9,8,8,9,8
"Femmina",26,5,5,5,3,5,1,5,2,3,3,4,4,3,2,3,5,1,4,1,5,2,4,4,2,4,2,5,2,3,2,3,2,4,4,1,5,1,4,3,3,4,6,5,3,4,2,3,3,4,3,5,8,4,5,4,3,3,6,4
"Femmina",21,7,3,1,2,7,5,4,2,4,5,2,2,2,3,3,4,2,2,3,3,2,3,1,2,1,2,3,4,1,2,1,1,4,2,2,1,1,2,2,3,1,2,6,1,6,1,2,3,4,2,2,8,3,2,4,2,0,9,5
"Maschio",36,9,6,7,4,1,4,1,3,2,4,1,1,1,2,2,1,3,2,3,2,3,3,2,5,2,4,2,3,2,4,1,4,2,2,3,1,3,7,2,7,7,6,7,4,6,6,4,6,6,5,7,8,10,3,6,1,5,5,10
"Femmina",22,9,6,4,2,5,4,3,4,4,2,1,4,3,4,3,5,3,3,3,5,2,3,4,4,4,3,4,3,4,3,4,3,4,3,3,4,3,5,1,5,3,5,5,3,4,3,5,3,5,1,9,5,7,0,5,0,4,4,6
"Femmina",21,8,6,5,6,1,3,1,3,1,4,1,2,2,4,3,2,3,1,3,2,4,3,2,4,1,4,2,4,2,4,2,4,3,2,4,3,4,7,6,7,6,6,6,7,6,6,6,6,6,5,8,9,9,9,10,9,8,8,10
"Femmina",23,4,6,2,3,3,2,2,3,3,2,4,4,1,3,3,3,2,4,2,3,3,4,4,2,3,2,3,2,3,2,3,3,2,4,2,3,2,3,4,5,6,5,4,3,3,3,2,3,2,2,9,6,7,10,9,8,4,5,2
"Femmina",22,7,6,6,5,2,5,2,3,2,3,1,2,1,5,3,1,4,2,4,1,3,3,2,3,2,4,2,5,1,4,1,4,2,1,4,2,3,5,7,7,6,5,6,5,7,5,6,6,5,4,7,9,7,7,9,9,6,8,7
"Maschio",30,8,6,5,6,2,5,1,4,2,5,3,3,1,5,3,2,4,3,5,1,5,4,1,5,2,4,2,5,1,4,1,4,2,1,3,1,4,7,5,5,6,7,5,5,6,5,5,7,5,7,8,10,8,7,8,7,6,5,9
"Femmina",24,6,5,3,2,3,4,1,2,2,4,1,1,1,3,4,2,5,1,4,2,5,4,2,4,1,5,2,4,1,4,1,4,2,1,3,3,5,7,5,5,5,7,7,7,6,5,4,3,7,7,3,10,10,8,8,5,1,5,5
"Maschio",31,4,4,3,3,4,4,4,2,4,3,4,5,4,2,2,4,2,4,3,5,4,3,3,3,4,2,3,2,3,1,3,2,3,3,2,4,3,5,2,3,5,6,5,2,3,1,4,3,2,2,5,5,6,3,0,2,1,0,4
"Femmina",24,4,1,1,1,7,3,1,1,5,3,4,1,1,1,4,3,3,4,4,3,5,2,2,2,2,3,5,2,2,2,4,2,5,1,1,4,1,7,1,3,6,3,6,1,1,3,1,3,5,2,1,0,5,0,3,0,0,0,2
"Femmina",23,8,6,6,4,2,4,2,4,2,3,1,2,3,3,3,3,3,2,3,2,4,4,2,3,2,4,2,4,3,4,2,5,3,2,4,3,4,5,6,5,6,6,6,6,6,5,5,6,5,5,8,7,7,8,7,7,7,6,9
"Femmina",22,6,4,4,3,6,3,4,2,2,1,1,3,1,2,2,3,3,1,1,3,2,4,4,2,1,3,4,3,3,3,3,2,3,3,2,3,1,2,6,5,5,3,4,2,4,2,2,2,2,2,3,9,3,6,5,2,2,2,3
"Maschio",66,6,5,5,3,6,4,5,2,5,2,1,3,1,1,3,3,2,1,1,3,3,3,3,3,2,2,2,1,1,1,1,2,4,3,2,2,1,6,6,5,6,6,5,3,6,5,5,3,3,2,5,6,8,6,3,6,3,7,6
"Maschio",36,7,6,5,5,3,4,2,3,2,3,2,1,3,4,4,4,3,2,4,3,3,3,3,4,2,4,2,2,4,2,4,4,1,1,4,1,3,5,5,5,5,4,5,5,5,4,5,5,5,3,8,8,8,8,8,8,8,8,8
"Femmina",23,6,3,3,1,7,3,2,1,2,1,4,3,2,3,2,3,2,4,1,4,1,2,2,3,3,4,2,4,4,3,4,4,4,1,3,3,3,2,1,2,2,2,3,1,1,1,2,3,6,3,6,10,6,4,5,4,0,6,6
"Femmina",22,7,6,5,3,5,3,4,4,4,2,1,1,1,3,5,5,2,2,3,4,3,4,4,4,1,2,4,3,3,3,4,2,3,1,3,5,4,4,7,7,5,7,6,2,7,3,3,4,5,3,5,8,7,7,4,5,3,10,7
"Femmina",26,6,5,4,2,4,4,1,3,1,3,1,2,2,3,4,3,3,1,1,1,3,2,2,3,2,4,2,4,2,4,2,3,2,2,3,2,3,5,6,5,6,6,6,5,5,5,5,5,5,4,7,9,8,8,8,7,3,2,7
"Femmina",26,7,6,5,4,2,4,1,2,1,3,1,2,1,4,4,3,3,1,2,2,3,3,1,3,1,4,2,5,2,4,2,4,2,1,3,3,3,6,5,6,6,6,7,7,6,6,3,6,7,6,7,9,8,8,9,6,6,8,9
"Femmina",23,10,7,7,6,3,5,2,3,2,4,1,1,1,4,4,2,5,1,4,2,5,5,3,4,1,5,1,5,2,5,1,5,2,2,5,2,5,7,7,7,7,7,7,7,7,7,7,7,7,7,10,10,10,10,10,8,8,10,10
"Femmina",23,8,6,6,6,3,4,2,3,2,4,1,1,3,3,2,2,3,1,3,2,3,3,1,4,1,5,1,4,2,5,1,5,1,1,3,1,2,6,7,6,7,6,7,5,7,6,4,3,4,6,7,10,7,10,10,9,4,3,8
"Femmina",22,9,7,7,6,3,4,2,3,2,5,2,1,1,5,4,2,3,1,3,1,5,5,1,5,1,5,1,5,1,5,1,5,2,1,4,1,5,6,1,7,5,7,7,2,6,7,7,7,7,7,10,10,10,10,8,1,0,1,9
"Femmina",23,7,6,5,5,3,4,2,2,2,3,3,1,2,3,3,2,3,1,1,2,4,4,2,4,2,4,2,4,2,4,2,4,2,1,4,2,4,5,5,5,4,6,6,2,6,2,4,5,5,3,7,9,6,4,6,7,4,1,8
"Femmina",22,8,6,5,5,2,4,2,3,2,5,1,2,2,4,4,2,5,2,3,3,5,4,2,4,2,4,2,3,2,4,2,5,2,1,5,2,3,6,5,6,4,7,7,5,6,5,3,5,4,3,7,8,8,9,8,9,7,7,7
"Maschio",32,5,4,3,5,5,1,4,4,4,4,5,4,2,5,2,3,1,1,4,4,2,4,5,4,5,4,5,2,3,3,3,4,4,4,3,5,2,2,2,3,3,3,3,3,5,2,2,3,3,3,5,8,4,6,2,1,0,5,5
"Femmina",20,8,5,4,4,2,5,1,2,1,3,1,1,2,2,4,3,3,1,3,2,3,3,3,4,1,4,2,4,1,3,3,4,1,1,2,3,3,4,3,4,4,6,4,2,2,1,1,4,3,2,4,9,6,6,6,2,0,7,7
"Maschio",24,9,7,6,6,2,5,1,4,1,4,1,1,2,4,4,3,4,1,4,2,5,5,2,5,1,5,1,5,1,5,1,4,1,1,5,2,5,6,6,7,6,7,6,7,7,7,7,7,7,7,8,10,10,9,9,8,9,3,10
"Femmina",26,4,5,4,2,1,5,5,3,4,3,2,3,2,3,5,4,2,2,1,4,2,4,4,3,3,2,4,2,4,3,3,3,4,5,3,5,1,4,6,3,5,6,7,3,6,4,6,5,5,3,8,10,8,10,10,5,5,10,8
"Maschio",49,4,4,4,5,3,4,4,4,4,5,4,3,2,5,3,2,3,3,3,3,4,4,3,4,2,3,3,4,3,4,3,3,3,4,3,3,3,6,6,7,6,6,6,7,6,4,5,4,3,2,2,6,4,9,6,8,8,1,3
"Femmina",23,9,6,5,5,2,4,2,3,2,3,2,3,1,4,3,1,4,2,2,2,3,4,2,3,2,4,1,3,1,3,1,4,2,2,3,1,3,4,6,6,6,5,6,6,5,6,6,6,6,5,9,10,9,9,8,9,7,0,9
"Maschio",25,8,7,6,6,3,4,1,1,1,3,1,1,2,3,1,1,3,1,3,1,3,3,1,3,1,3,1,3,1,4,1,4,2,2,4,1,3,5,7,4,6,6,6,4,6,6,5,6,6,7,8,9,7,9,7,5,5,10,8
"Femmina",41,9,6,6,5,3,4,2,3,2,4,1,1,1,3,4,2,4,1,1,3,3,3,1,4,1,3,1,3,1,2,1,4,1,1,4,1,3,5,3,6,6,6,6,5,6,6,5,6,6,6,8,7,8,8,7,6,6,3,8
"Femmina",22,6,6,4,4,3,4,3,4,3,4,1,2,1,4,4,2,3,2,3,3,3,3,2,3,2,3,4,4,2,3,2,3,3,4,2,2,3,4,5,5,5,5,5,4,4,4,4,4,5,5,8,9,9,9,7,7,5,6,7
"Femmina",20,9,7,5,6,2,4,1,5,1,4,1,3,1,5,4,1,4,2,5,2,5,4,3,3,3,5,1,4,2,4,2,5,1,2,5,2,4,7,5,6,4,7,7,6,6,6,6,6,6,5,8,8,9,7,10,7,7,0,9
"Femmina",27,8,5,5,6,1,5,1,3,1,4,2,2,2,4,4,2,4,2,3,2,5,4,1,5,1,5,1,4,1,4,1,3,2,1,3,3,3,6,7,6,5,6,5,6,6,6,5,6,6,7,8,8,9,9,7,7,5,5,8
"Maschio",32,9,7,6,5,2,4,1,4,1,4,1,1,1,4,4,2,4,2,4,2,4,4,1,4,1,4,2,4,1,4,1,4,1,1,3,2,4,6,6,6,6,6,7,6,6,6,6,7,6,6,9,9,9,7,8,7,8,8,9
"Femmina",23,3,3,3,2,6,3,4,2,3,3,3,2,4,3,3,2,4,4,2,5,2,2,5,1,4,3,4,4,3,2,3,3,4,5,3,5,2,3,3,1,3,3,4,5,6,1,1,1,1,1,0,3,2,5,0,1,7,8,3
"Femmina",34,8,6,4,4,1,4,1,4,3,3,2,2,3,4,2,5,3,2,2,5,2,3,4,3,1,3,3,4,3,4,2,4,1,1,4,3,4,4,4,4,4,3,6,5,6,4,4,5,4,4,8,9,7,7,7,7,6,6,7
"Femmina",16,8,6,6,5,5,3,2,3,1,2,2,4,2,3,3,4,5,5,3,5,4,4,4,3,5,4,2,3,2,4,3,5,5,5,3,4,5,4,6,6,3,6,5,7,6,7,7,7,7,6,8,9,7,6,7,9,9,7,9
"Maschio",22,8,6,6,5,1,3,1,4,3,4,2,1,2,5,5,4,3,1,3,2,3,4,3,4,1,4,2,4,1,4,2,5,2,1,4,3,4,5,4,6,5,7,6,6,6,5,6,6,5,6,8,10,9,7,9,8,6,8,8
"Femmina",20,8,6,6,5,1,3,1,4,1,3,1,1,1,4,2,3,4,2,3,2,4,5,1,3,1,4,1,3,1,3,1,4,1,1,3,2,4,7,6,6,4,6,7,6,7,5,6,6,5,3,7,4,7,9,10,8,5,1,9
"Maschio",21,3,1,3,2,4,5,5,2,4,2,4,5,5,2,2,5,1,1,2,5,1,5,5,1,5,3,3,3,3,3,2,3,3,1,2,4,3,5,1,1,4,5,5,1,6,1,4,1,2,5,5,6,4,0,1,0,0,1,4
"Maschio",27,6,4,3,2,5,4,3,2,2,3,2,4,2,2,5,5,4,5,3,3,3,3,5,2,4,3,3,4,2,3,3,2,3,3,3,3,3,5,3,4,5,6,7,3,5,2,2,2,1,1,4,5,6,6,4,1,0,9,3
"Femmina",24,8,6,6,4,5,3,4,2,4,3,5,5,1,3,2,3,1,1,1,3,2,1,4,2,3,3,3,3,1,3,2,3,2,4,2,2,3,3,4,3,6,2,6,1,3,3,7,4,3,3,9,10,5,5,7,6,3,8,8
"Maschio",22,5,4,3,2,6,3,2,4,3,3,3,2,4,2,3,4,2,4,4,4,3,2,5,4,1,1,5,2,4,2,4,2,4,1,2,3,3,7,3,5,6,6,5,7,4,2,2,2,2,3,2,1,9,0,1,1,10,1,5
"Femmina",58,7,6,6,6,2,5,1,4,2,5,1,2,1,4,4,1,4,1,3,1,5,4,2,5,3,4,2,4,2,4,2,4,3,3,4,2,4,6,6,6,6,7,6,2,7,6,5,6,6,7,10,2,9,10,10,10,2,8,8
"Femmina",26,7,6,5,5,1,4,1,3,2,4,1,1,1,4,3,2,3,1,3,2,4,3,2,5,1,3,1,4,1,3,2,4,2,1,4,2,3,5,7,6,7,7,7,3,6,4,4,5,5,3,7,8,7,10,9,9,3,4,6
"Maschio",30,8,6,4,2,3,5,1,3,2,3,1,1,2,5,5,3,2,1,5,4,5,4,2,5,1,4,2,5,1,5,1,4,2,1,4,4,4,6,5,6,6,6,5,6,4,5,5,6,4,3,7,6,8,6,4,5,2,4,5
"Femmina",20,6,6,4,1,3,1,2,1,1,1,3,3,2,1,1,2,2,2,2,4,3,2,1,3,3,4,3,3,2,2,3,1,2,4,3,1,2,2,2,2,3,2,2,2,4,3,2,2,2,3,1,7,5,4,9,8,2,9,6
"Femmina",19,8,5,4,4,7,3,3,3,3,2,2,2,4,3,4,5,2,5,2,5,2,2,4,3,2,3,2,4,3,4,3,4,3,2,4,3,3,4,5,5,6,5,5,4,6,5,5,5,6,2,7,10,8,8,9,8,6,7,9
"Femmina",28,3,4,3,6,5,2,5,3,4,3,5,5,2,2,2,5,1,5,3,5,2,1,4,1,3,1,5,4,1,1,4,2,5,2,2,3,1,1,7,2,7,7,5,1,6,1,3,1,1,3,1,1,5,9,2,2,0,0,3
"Femmina",21,8,7,6,5,6,5,1,2,2,3,1,2,2,4,5,5,5,3,4,5,5,4,2,2,2,4,1,5,2,4,1,5,4,2,1,2,5,7,7,7,7,5,7,4,5,3,6,7,7,7,9,6,9,9,10,10,1,10,1
"Femmina",22,6,5,4,2,4,5,4,4,1,3,1,1,1,2,1,3,4,2,1,3,4,3,4,4,1,4,1,3,1,3,1,3,3,1,1,1,3,4,4,4,4,5,5,4,5,3,2,5,2,1,5,5,5,4,7,3,4,7,4
"Femmina",24,7,5,6,7,2,5,3,3,3,4,1,2,1,4,3,3,3,2,4,3,5,4,3,4,4,4,3,4,2,4,2,4,3,3,3,3,4,6,5,6,6,5,6,6,6,5,4,5,5,6,7,10,8,7,8,6,6,7,8
"Femmina",26,9,7,7,7,2,5,3,3,2,4,1,3,2,5,5,3,4,1,4,3,4,4,2,5,2,5,1,4,2,5,1,5,1,3,5,3,5,7,7,7,7,7,7,7,7,7,6,7,6,6,9,10,10,9,10,10,10,10,10
"Maschio",19,7,6,6,5,2,4,1,4,1,3,2,1,1,3,3,2,4,1,5,2,4,4,2,3,1,4,2,4,2,4,2,4,2,1,4,2,4,7,5,5,6,6,6,6,5,6,5,5,5,5,7,7,8,8,8,7,7,9,8
"Maschio",19,7,6,6,5,2,4,1,4,1,3,2,1,1,3,3,2,4,1,5,2,4,4,2,3,1,4,2,4,2,4,2,4,2,1,4,2,4,7,5,5,6,6,6,6,5,6,5,5,5,5,7,7,8,8,8,7,7,9,8
"Maschio",28,4,3,2,1,6,4,3,4,2,3,2,2,1,4,4,3,4,4,4,4,4,4,4,4,2,2,4,2,3,3,3,2,4,2,2,3,2,6,1,6,6,6,4,5,5,1,1,1,1,1,1,4,4,1,4,3,0,0,4
"Maschio",25,5,4,3,2,6,4,5,2,5,2,1,4,1,1,1,4,2,1,1,4,2,2,5,4,5,1,5,1,5,1,5,1,5,3,1,5,1,3,3,4,1,3,4,1,5,1,4,3,4,4,4,10,3,2,0,0,0,10,5
"Maschio",24,3,2,2,1,7,4,5,2,5,2,3,4,2,2,2,2,2,3,3,3,2,2,4,3,3,2,5,2,4,2,4,2,4,3,2,2,2,3,2,2,3,4,5,2,5,2,3,2,2,3,10,10,6,6,2,0,0,2,3
"Femmina",48,4,5,4,6,2,2,1,3,2,4,2,1,1,3,1,1,2,2,4,2,3,2,1,3,1,5,2,5,2,3,2,4,3,2,3,2,3,4,3,4,7,6,5,7,5,4,4,4,2,4,7,6,5,9,2,5,5,5,3
"Femmina",23,7,6,5,5,4,5,3,4,2,4,1,4,3,4,4,4,4,2,3,3,4,4,2,4,2,4,3,4,1,3,2,4,2,2,4,2,4,5,3,6,4,5,6,5,5,5,5,6,6,6,8,9,9,8,9,8,5,5,9
"Femmina",23,8,6,7,6,1,4,2,4,3,4,1,3,2,4,4,3,4,1,3,2,5,4,2,5,2,4,2,5,1,4,2,3,3,1,4,2,4,6,5,5,6,7,7,5,4,5,6,5,5,3,9,9,6,8,9,4,4,5,8
"Femmina",19,8,4,2,2,6,5,2,3,4,2,3,2,1,4,4,5,4,2,4,5,4,5,4,2,2,4,3,4,4,4,3,3,2,1,2,3,4,6,1,6,2,6,6,6,6,5,4,4,3,6,7,10,10,2,9,3,9,4,8
"Femmina",28,4,5,4,3,3,2,2,2,2,3,1,3,3,2,1,3,3,2,1,2,4,3,3,3,3,2,3,2,3,2,3,2,3,4,2,2,3,3,3,3,3,4,4,5,5,2,4,3,3,2,4,7,2,3,5,2,5,4,5
"Femmina",32,6,5,5,4,4,3,3,3,2,4,2,4,4,4,4,3,3,2,3,4,4,4,3,4,3,3,2,1,3,2,3,3,3,3,3,3,3,5,4,5,7,5,6,5,4,4,6,6,5,5,8,9,7,6,6,6,6,8,7
"Maschio",24,5,5,5,3,6,4,4,3,3,2,2,2,2,4,4,4,3,1,4,5,3,4,5,3,1,3,4,5,1,2,1,3,2,1,4,3,3,4,4,5,6,5,6,2,7,3,1,3,4,5,5,10,4,7,10,6,0,7,5
"Maschio",20,8,7,6,7,2,4,1,3,1,5,1,1,2,4,5,3,4,1,3,4,4,3,1,4,1,5,1,4,2,4,1,5,1,1,4,2,3,6,7,7,5,6,7,7,5,6,7,6,5,7,10,10,8,9,7,10,5,7,8
"Femmina",22,8,6,5,5,3,4,2,3,3,3,3,2,1,4,3,3,3,2,3,3,3,3,3,4,2,4,4,4,4,4,4,4,4,3,2,2,4,6,3,6,6,5,5,5,6,5,5,5,6,5,8,5,7,2,6,3,5,3,7
"Femmina",40,6,4,4,1,6,3,4,1,3,2,1,2,4,1,2,5,4,1,2,5,5,4,3,3,2,2,4,2,4,2,4,1,4,2,1,4,2,5,6,6,4,6,4,2,5,5,5,4,3,3,5,7,5,9,8,4,6,0,6
"Maschio",46,7,6,4,3,3,4,4,4,4,4,2,2,2,3,4,3,3,1,3,2,4,4,4,3,1,3,3,3,3,3,3,3,2,1,3,2,4,5,5,5,5,5,6,5,5,4,3,5,4,3,5,4,4,5,6,5,4,8,6
"Femmina",21,4,5,4,4,7,3,1,3,2,2,5,1,1,2,2,5,2,2,1,1,3,1,1,3,1,2,2,3,1,3,1,5,1,1,3,1,3,1,1,1,1,4,7,7,1,1,1,4,5,3,4,3,2,0,1,0,0,0,3
"Femmina",20,8,5,6,4,4,4,4,4,4,3,1,4,2,2,4,5,3,1,2,4,3,3,4,2,3,2,4,3,3,3,3,3,3,3,3,3,2,6,6,5,4,6,6,3,6,2,6,5,3,6,8,4,7,7,6,7,4,0,8
"Femmina",19,9,7,6,6,1,4,1,3,1,3,1,1,1,4,3,2,4,1,2,1,5,4,1,3,1,5,2,5,1,4,2,5,2,1,4,1,3,6,6,7,7,6,7,7,6,6,6,7,6,7,9,7,9,8,9,9,7,9,10
"Maschio",26,9,6,6,6,2,5,2,4,1,4,1,1,1,5,3,2,4,2,4,2,4,4,2,3,1,4,2,4,1,3,1,4,1,1,4,2,4,6,6,6,5,6,6,6,6,6,5,7,7,6,9,8,10,9,8,7,6,9,9
"Maschio",20,7,5,5,4,4,2,3,3,2,1,2,4,3,2,1,4,2,3,3,4,2,1,5,3,3,2,4,3,4,3,2,3,3,4,3,2,1,5,6,3,4,2,4,2,5,2,4,3,3,3,7,10,6,8,9,7,1,0,7
"Femmina",34,5,5,6,6,1,3,1,4,1,4,3,2,1,4,4,3,3,3,3,3,3,4,4,4,2,4,2,4,2,4,2,4,2,2,4,3,3,6,5,6,5,7,7,7,7,6,4,6,3,3,3,10,5,10,5,7,0,10,8
"Femmina",20,8,6,5,6,2,4,3,4,3,5,2,3,3,4,5,3,4,3,4,3,5,4,3,4,2,4,3,4,3,4,3,3,3,3,3,3,4,6,4,6,5,6,5,6,3,4,4,5,4,5,6,8,5,4,7,4,7,9,7
"Femmina",20,8,6,6,5,2,5,1,4,2,4,3,2,1,4,4,2,3,1,4,2,5,3,2,4,1,4,2,4,2,3,3,5,2,1,4,2,4,6,5,7,5,6,5,3,5,4,4,6,3,5,8,9,9,7,6,8,5,7,8
"Femmina",25,7,4,3,2,4,3,4,2,4,3,1,4,4,2,4,4,4,3,3,4,3,3,4,2,4,2,4,3,2,3,2,3,3,3,2,4,2,3,3,3,5,5,3,2,2,1,2,2,6,2,6,7,6,6,6,6,6,0,5
"Femmina",23,9,7,5,6,1,4,1,3,1,4,1,2,1,5,4,1,4,1,5,2,4,4,1,4,1,5,1,4,1,5,1,5,1,1,5,2,4,6,7,6,6,6,6,7,6,6,6,7,5,6,10,9,9,9,9,8,9,8,10
"Femmina",21,2,4,4,3,4,3,3,2,4,2,4,3,4,4,4,5,2,5,3,4,3,3,4,4,3,3,4,4,2,4,2,4,2,3,3,3,4,2,6,2,4,6,4,1,5,1,4,4,1,3,5,3,3,8,2,5,0,5,7
"Femmina",29,6,5,5,5,1,4,3,4,2,3,1,2,2,4,5,3,2,2,4,4,2,2,4,3,2,3,4,3,1,3,2,4,2,3,4,2,2,6,6,5,5,3,6,5,5,3,3,3,3,3,5,4,4,6,7,1,2,0,7
"Femmina",27,6,4,2,1,7,4,4,3,4,2,3,4,2,2,3,3,3,1,3,4,4,3,4,3,5,4,3,4,1,3,4,3,3,4,2,1,2,5,1,5,5,6,4,4,4,2,2,2,2,2,6,2,1,0,6,6,0,0,5
"Maschio",22,4,4,3,2,6,5,2,3,5,2,3,3,1,4,4,2,4,2,4,3,4,4,1,4,2,2,4,3,1,3,3,3,4,2,2,3,3,4,2,3,4,6,4,5,5,3,5,4,3,6,8,10,6,4,4,3,2,0,5
"Maschio",20,7,4,3,2,4,3,2,3,1,3,2,2,1,2,2,3,2,2,3,1,2,3,2,2,1,4,2,4,2,4,1,4,1,1,3,2,2,5,4,5,4,3,4,3,4,4,3,5,5,5,8,6,7,6,7,4,3,5,8
"Femmina",23,8,6,5,4,4,4,1,3,2,2,1,1,2,4,4,3,4,1,4,3,4,4,2,2,1,4,2,4,2,4,2,3,2,2,3,1,4,6,5,6,4,6,5,5,6,5,4,5,6,6,8,9,7,8,9,7,4,6,8
"Maschio",34,4,4,4,3,5,3,5,3,4,2,3,5,3,3,4,4,3,3,1,5,2,2,5,4,4,2,4,2,4,2,4,2,4,3,4,2,2,2,3,2,3,7,5,1,4,2,2,2,4,1,3,5,5,5,5,5,1,4,4
"Femmina",23,6,5,5,4,5,4,4,4,3,3,3,4,2,4,3,3,4,2,2,4,3,3,4,3,3,2,3,4,1,3,3,2,4,3,3,2,2,3,6,5,4,4,6,3,5,3,1,5,3,4,5,8,6,8,4,6,3,7,6
"Femmina",19,7,7,4,4,2,4,2,1,3,1,1,3,1,4,1,1,2,3,5,3,4,5,4,3,3,5,4,3,2,3,3,2,3,3,4,1,2,6,5,5,6,4,5,3,3,3,2,2,2,4,7,9,6,8,10,9,5,9,7
"Femmina",24,8,6,5,3,3,5,4,4,2,3,3,3,4,4,3,2,3,1,4,3,3,5,5,4,3,4,3,5,1,3,3,3,3,4,3,2,3,7,7,6,6,6,6,7,6,5,5,5,5,4,9,7,10,10,9,9,7,6,9
"Femmina",23,8,5,5,6,2,5,2,3,1,4,1,2,2,4,3,3,4,1,3,2,5,5,2,4,1,5,2,4,2,4,2,4,3,2,4,3,4,6,6,6,6,6,6,6,6,5,4,5,4,6,8,9,8,7,7,7,3,4,6
"Femmina",21,7,5,4,3,6,2,2,2,4,4,2,2,3,2,4,4,4,2,3,4,4,4,3,3,3,3,3,4,2,4,2,3,3,3,2,2,4,5,4,4,5,6,6,4,6,3,5,4,3,3,7,8,7,3,3,3,3,0,7
"Maschio",20,5,3,2,1,5,4,4,3,3,1,2,2,2,2,3,4,4,2,3,3,3,3,2,3,1,2,3,3,3,2,4,2,3,1,2,2,2,4,3,4,3,5,4,2,2,2,4,2,1,1,7,8,2,4,2,2,1,0,3
"Maschio",29,6,6,7,7,2,5,3,3,3,4,1,2,1,4,4,2,4,1,5,3,5,4,3,5,3,4,4,4,4,4,4,4,4,4,4,4,4,6,7,7,7,7,7,5,7,6,2,6,5,6,7,10,8,10,8,7,6,10,8
"Maschio",39,5,6,6,6,1,5,3,2,2,3,1,1,1,3,2,2,4,2,5,3,3,4,2,5,1,3,3,3,3,3,3,3,2,1,3,2,2,1,4,3,4,5,5,2,3,3,2,4,4,3,2,8,4,7,6,4,0,10,6
"Femmina",22,7,5,3,2,5,3,4,3,4,2,3,5,3,3,2,5,3,4,3,4,3,3,4,3,4,3,4,3,4,3,4,3,3,4,3,4,4,3,6,5,4,5,6,2,4,2,3,3,3,3,5,9,6,6,4,5,3,5,6
"Femmina",23,4,5,6,7,6,5,2,4,3,3,1,1,1,4,3,3,3,1,5,4,4,2,2,3,1,4,3,5,2,4,3,4,3,1,5,3,2,7,6,6,6,6,7,5,6,3,3,3,3,3,3,4,3,5,8,3,3,7,3
"Femmina",21,6,5,6,4,3,5,2,4,1,2,4,2,1,5,1,2,5,1,5,2,4,5,2,5,1,3,3,4,3,4,5,3,3,1,1,2,1,3,3,4,5,6,5,4,5,4,1,4,7,7,10,10,10,7,6,2,3,10,5
"Femmina",19,4,4,4,5,3,5,3,4,5,3,1,4,3,3,4,2,4,2,3,4,4,4,2,2,3,2,4,2,3,3,2,2,3,3,2,4,1,4,3,3,2,3,3,4,5,1,2,2,1,1,7,7,4,6,7,6,5,0,2
"Femmina",28,7,6,5,6,1,3,2,4,2,4,2,2,2,5,4,1,3,1,4,2,5,5,2,4,1,3,3,4,3,4,2,3,2,1,4,4,3,4,6,5,5,5,5,6,6,5,5,5,7,6,8,9,9,9,10,9,5,5,8
"Femmina",20,7,6,5,4,3,5,2,3,2,3,2,2,2,4,3,2,2,2,2,2,4,3,2,3,2,4,2,3,2,4,2,4,2,2,4,2,2,5,4,5,4,4,6,4,6,4,4,5,2,4,8,7,8,7,7,7,6,5,8
"Femmina",36,5,5,5,5,2,5,1,5,2,4,2,2,2,4,1,2,4,1,3,2,4,4,2,4,1,5,2,4,1,4,1,5,1,1,5,1,4,5,5,6,6,7,7,7,7,6,5,5,4,1,7,10,1,8,5,5,9,6,6
"Maschio",28,6,5,5,5,3,5,2,3,2,3,2,2,2,3,3,2,3,2,3,1,4,4,1,4,1,4,2,4,1,3,2,3,3,1,3,1,3,6,7,5,5,5,5,6,6,4,3,4,4,3,8,10,7,6,8,7,8,0,7
"Femmina",22,7,6,5,6,2,4,2,3,2,4,3,2,2,5,5,4,4,4,3,3,5,5,2,3,2,4,2,4,2,4,2,4,2,3,4,3,3,7,6,6,5,7,6,7,7,5,7,6,5,6,9,10,10,8,10,10,9,9,9
"Femmina",24,10,7,5,4,3,4,3,3,3,3,2,4,2,2,2,3,2,3,2,3,3,3,2,3,3,4,3,4,3,4,3,4,3,3,4,3,3,3,6,3,6,6,6,3,6,3,5,4,4,3,9,10,8,10,10,9,2,10,9
"Femmina",25,8,7,5,6,2,5,2,2,2,3,1,1,2,3,4,2,2,1,3,2,3,4,2,4,1,5,1,4,1,5,1,5,2,1,4,2,4,4,7,6,5,5,5,2,6,6,6,6,6,7,10,10,9,10,9,4,4,10,10
"Femmina",24,9,7,5,6,2,5,3,4,3,4,2,3,2,4,3,2,4,2,4,3,5,4,3,4,3,5,2,5,2,5,2,5,2,2,5,2,5,7,7,7,7,7,7,7,7,7,7,7,6,7,9,9,9,9,9,8,7,8,9
"Femmina",21,8,5,5,4,4,5,2,4,2,5,1,1,3,3,5,4,4,1,3,4,4,4,2,4,1,4,2,4,2,4,2,3,1,1,4,3,4,5,6,6,5,6,5,5,6,4,3,5,5,6,8,6,8,10,5,6,6,4,8
"Femmina",24,4,5,7,2,4,5,3,1,3,4,1,4,1,4,3,2,5,1,4,2,5,5,3,3,3,4,3,4,1,4,2,4,3,3,4,2,1,7,5,5,7,7,7,5,2,1,1,5,7,4,5,8,7,7,1,3,0,8,6
"Femmina",30,6,4,4,3,5,3,3,2,4,2,3,4,3,4,3,4,3,4,4,4,3,3,4,3,3,4,4,3,3,3,3,4,4,3,3,4,3,3,5,3,3,3,4,3,4,3,3,2,3,2,5,4,3,5,5,4,4,3,5
"Maschio",36,6,4,4,4,3,5,4,3,3,3,3,3,3,2,3,3,3,3,4,3,3,3,3,2,3,3,3,3,3,3,3,3,3,3,3,3,3,4,2,4,3,4,2,4,4,2,3,2,2,2,3,7,3,5,5,5,2,6,6
"Femmina",23,10,7,6,6,1,5,1,4,2,4,2,1,1,5,5,3,4,2,2,2,5,4,3,5,2,5,2,5,2,5,2,5,1,1,5,1,5,7,7,7,6,7,6,6,7,7,7,7,7,7,10,10,8,9,10,8,8,7,10
"Femmina",21,8,6,4,2,4,4,4,3,3,1,1,4,4,3,5,4,5,4,4,5,2,4,5,2,4,4,2,4,3,3,1,3,1,4,2,1,1,4,5,4,2,6,3,2,3,4,4,5,6,5,9,6,8,6,6,1,2,6,8
"Femmina",23,6,5,4,4,1,5,2,3,4,5,4,3,3,3,2,4,3,2,2,4,4,4,4,5,3,3,3,4,3,4,3,3,5,2,3,5,2,7,7,6,5,6,6,7,6,4,3,5,2,2,8,6,4,9,9,9,1,3,7
"Femmina",22,7,6,5,5,2,4,3,2,2,2,1,2,1,3,3,3,4,3,3,3,4,5,3,3,2,5,2,4,2,4,2,4,3,4,3,5,4,6,6,7,5,6,6,7,5,5,6,6,6,6,8,10,9,9,8,6,5,10,9
"Femmina",23,8,6,6,5,2,4,4,2,2,4,3,2,1,3,3,4,3,2,4,2,4,4,3,2,1,4,3,4,2,4,3,4,2,2,4,3,4,6,5,5,5,4,6,6,6,6,6,6,4,5,9,7,8,8,9,8,8,9,8
"Maschio",27,9,6,6,4,3,5,5,4,3,5,5,1,2,4,5,2,5,3,3,5,5,4,5,5,1,5,2,5,1,4,1,5,1,1,5,3,5,7,6,7,7,7,7,7,7,6,7,7,7,6,9,7,10,10,9,9,9,9,10
"Femmina",21,6,5,5,4,4,3,2,4,2,3,1,2,2,4,2,1,3,1,4,3,5,3,2,4,2,4,3,4,3,4,3,4,3,2,3,2,3,6,5,7,6,6,6,6,6,3,2,5,5,2,5,10,6,5,3,2,3,0,5
"Femmina",20,7,5,6,5,2,5,2,4,2,3,1,2,1,4,3,2,5,1,4,2,4,5,1,4,2,4,2,4,2,5,1,4,2,1,1,2,4,7,5,6,4,6,7,6,6,6,2,5,5,7,2,8,9,5,7,4,0,8,9
"Maschio",31,10,7,7,7,1,5,1,5,1,5,1,1,1,5,4,2,3,1,5,2,4,5,2,4,2,5,1,4,2,2,2,4,1,1,5,1,4,7,6,7,6,6,6,7,6,7,6,7,7,7,10,9,9,10,10,8,10,10,10
"Femmina",25,7,6,5,3,5,4,2,4,2,5,1,2,1,5,3,4,4,2,4,4,5,4,4,4,2,4,3,4,2,4,2,4,3,2,4,3,4,6,6,6,6,6,6,5,6,5,5,6,7,6,8,9,9,8,8,8,7,7,8
"Femmina",23,7,5,5,5,1,3,3,2,2,3,1,1,4,4,3,4,3,2,4,4,5,5,3,4,2,3,3,3,3,3,3,3,3,3,3,3,3,4,4,5,3,3,5,2,4,4,3,3,3,6,8,9,9,8,8,8,0,4,6
"Femmina",60,7,5,6,2,2,5,1,1,3,4,1,3,3,3,3,2,4,1,4,1,4,4,1,4,1,4,2,5,1,3,4,4,2,2,4,2,4,5,3,6,7,7,7,5,6,6,5,4,3,3,6,5,5,4,4,3,3,8,7
"Femmina",22,7,6,5,3,4,4,2,3,1,5,1,2,4,2,5,3,3,1,3,3,5,4,2,2,1,4,1,4,1,3,1,4,1,1,2,3,3,3,2,3,3,6,6,5,6,1,3,5,7,1,8,10,9,4,6,3,0,0,7
"Femmina",21,8,6,6,5,3,4,3,4,3,3,2,3,2,5,2,3,3,1,3,4,3,2,2,4,3,5,3,4,3,4,3,4,3,3,4,4,5,6,6,6,6,5,6,5,6,6,6,6,7,6,9,5,8,9,7,6,6,7,8
"Femmina",22,4,5,4,6,2,4,3,1,4,1,1,2,2,2,2,3,2,1,1,3,3,3,4,3,3,2,3,4,2,3,2,3,4,1,3,4,3,2,5,3,4,6,5,1,5,1,2,2,2,2,2,9,7,8,3,8,1,0,6
"Femmina",21,5,4,4,3,5,4,3,3,4,3,4,4,4,4,4,3,3,3,4,4,4,3,3,4,3,3,4,3,4,3,4,3,3,4,4,2,2,5,6,5,5,5,4,4,4,3,5,5,4,3,6,9,6,8,8,8,6,4,6
"Femmina",23,8,5,6,3,1,3,4,3,3,3,2,1,3,2,5,5,3,2,2,3,5,3,3,2,1,4,3,3,3,3,3,3,3,2,4,4,2,6,5,4,5,5,6,5,6,5,4,3,6,7,7,6,7,7,8,6,1,7,7
"Femmina",51,3,3,3,3,5,3,4,2,4,2,2,4,4,2,4,5,3,3,2,4,3,4,4,2,3,2,4,2,4,2,4,1,5,2,2,4,2,3,3,3,3,5,5,2,5,2,1,2,2,2,2,7,2,2,2,2,2,7,2
"Femmina",22,4,6,4,2,5,3,2,1,3,4,2,5,1,3,2,2,3,2,4,2,4,3,3,3,3,4,3,3,3,4,2,3,2,4,2,5,1,5,1,5,5,5,5,2,3,1,2,2,1,3,6,1,3,0,2,6,0,0,6
"Femmina",22,7,5,4,4,3,4,2,3,3,4,1,2,1,4,4,4,4,1,3,3,5,3,2,3,1,4,2,4,1,4,1,4,1,1,4,2,3,5,2,6,2,5,7,3,4,5,5,5,6,5,6,9,7,2,4,3,3,5,7
"Femmina",21,6,5,3,3,6,4,3,3,4,2,2,2,3,3,5,5,3,3,3,4,3,3,3,3,2,2,4,3,3,3,4,3,4,2,3,4,3,3,3,4,5,4,4,2,3,2,3,3,3,3,6,5,3,4,5,4,3,2,3
"Femmina",24,1,1,1,1,7,1,4,1,5,1,3,5,1,1,1,5,1,2,1,5,2,2,5,1,5,1,5,1,5,1,5,1,5,5,1,5,1,4,1,1,4,4,4,1,1,1,1,1,1,1,0,10,0,0,5,5,0,5,0
"Femmina",21,5,4,3,2,6,4,3,3,3,2,1,1,3,2,3,4,3,2,2,3,3,3,3,3,2,2,4,3,3,2,3,2,3,1,2,4,3,4,4,4,4,5,5,2,5,3,2,3,3,1,5,5,6,6,6,6,5,4,5
"Femmina",21,6,5,6,4,5,3,3,2,2,1,2,3,2,2,3,4,2,4,2,3,2,2,3,2,4,3,2,3,2,2,2,2,2,3,1,2,1,3,2,3,3,2,2,2,1,1,3,2,2,2,4,8,3,3,2,3,0,0,4
"Maschio",23,7,6,5,5,1,5,1,5,3,3,3,1,1,5,5,2,2,3,5,4,5,5,1,5,1,5,3,5,1,5,1,4,2,1,3,3,3,7,7,5,7,7,4,1,7,6,1,5,1,3,4,10,10,10,7,6,0,0,6
"Femmina",20,5,4,6,1,6,5,2,4,1,3,1,5,1,3,1,4,4,4,3,3,1,4,5,3,5,1,4,3,1,3,3,4,4,5,4,4,2,1,5,7,7,7,7,2,6,3,5,5,3,3,8,9,4,5,2,10,1,5,4
"Maschio",22,7,5,6,6,4,4,1,4,1,4,1,1,1,4,3,2,4,1,2,2,4,4,2,4,1,4,2,4,1,4,2,5,1,1,4,2,4,5,6,6,4,5,5,6,5,4,3,5,4,5,9,7,7,8,8,5,3,9,8
"Maschio",20,8,6,6,5,2,4,2,4,2,4,3,2,2,4,3,2,4,2,4,3,4,4,3,4,2,4,1,4,1,4,1,4,1,1,4,2,4,6,5,6,6,6,6,5,6,6,5,6,6,6,9,8,8,8,7,9,6,8,9
"Femmina",27,4,4,4,2,6,3,4,1,4,1,5,5,1,2,2,3,2,5,1,5,2,2,4,2,5,2,4,2,4,2,4,2,4,5,2,5,1,1,7,2,5,4,3,1,4,1,1,1,1,1,0,6,0,5,5,0,0,0,0
"Maschio",20,1,3,3,1,6,5,5,5,5,4,1,3,3,3,1,5,3,3,3,3,4,4,4,3,4,2,4,2,4,2,4,2,4,5,2,5,1,4,3,2,2,6,4,7,4,3,2,2,6,4,3,9,7,7,1,0,0,0,3
"Femmina",31,6,5,5,5,5,5,5,3,5,3,2,5,1,2,2,5,4,2,1,5,4,5,5,5,5,3,4,5,5,4,4,4,5,5,4,5,3,7,7,4,6,7,6,3,4,3,2,4,1,5,1,7,4,7,7,5,2,2,5
"Femmina",27,6,6,5,3,2,2,4,2,3,2,2,3,1,1,1,4,3,1,2,3,3,2,4,3,1,2,3,3,1,2,3,1,4,5,2,5,1,3,2,2,3,4,6,5,6,2,2,4,3,1,5,9,4,4,9,8,7,8,7
"Femmina",25,8,6,5,4,4,4,2,3,2,3,2,1,2,3,4,4,4,1,3,2,3,4,2,3,1,4,1,4,1,4,1,4,2,2,4,2,4,6,6,5,5,6,7,7,6,5,5,6,5,4,9,9,9,9,8,7,7,7,8
"Femmina",20,7,6,6,3,6,4,3,3,3,4,2,4,1,4,4,4,1,1,3,4,4,3,4,3,2,3,3,2,2,3,3,3,4,4,2,4,4,7,5,5,5,6,6,3,2,4,2,2,2,2,7,6,8,7,8,7,6,8,7
"Femmina",19,9,7,7,5,1,5,2,5,2,4,2,3,1,5,5,4,4,1,5,3,5,5,3,5,2,4,3,4,1,4,2,4,3,2,4,3,2,7,7,7,7,6,7,7,7,7,7,7,7,7,10,10,8,10,8,8,8,10,10
"Maschio",23,7,5,5,2,5,4,4,2,2,2,2,2,1,3,2,1,4,3,3,3,3,4,3,3,3,3,3,4,1,2,1,3,3,3,3,3,3,5,3,3,3,5,5,5,4,4,3,3,3,4,4,4,5,3,3,3,5,2,5
"Femmina",22,6,4,3,4,6,4,4,3,2,5,1,3,2,3,5,2,3,2,3,2,4,5,4,4,3,4,2,3,2,3,3,4,3,2,3,4,1,6,3,5,4,5,5,4,6,5,6,5,3,6,7,8,8,5,6,7,7,5,7
"Maschio",39,9,7,7,7,1,5,1,4,1,5,1,1,1,5,5,1,4,1,5,1,5,5,5,5,1,5,1,5,2,5,1,5,2,1,5,2,5,7,7,7,7,7,7,7,7,6,6,6,6,4,6,6,10,10,7,10,9,10,10
"Femmina",46,7,5,6,5,3,5,1,4,2,4,1,1,1,1,3,3,5,1,4,3,5,5,3,5,1,4,3,4,2,4,3,4,3,1,3,3,4,7,6,7,7,7,6,6,6,6,4,5,6,3,7,1,7,8,8,7,5,7,7
"Femmina",19,4,4,3,5,6,4,4,4,5,1,3,5,2,3,2,5,1,4,3,5,1,2,4,2,5,2,4,2,3,2,3,4,4,5,3,4,2,5,3,3,4,2,4,4,4,3,3,3,3,1,3,2,4,1,0,0,0,0,0
"Femmina",21,7,5,5,4,3,4,2,3,3,3,1,2,2,3,5,4,3,2,4,4,4,4,3,4,2,4,2,3,2,3,2,3,2,3,3,2,4,4,5,6,5,5,5,4,5,4,2,4,4,4,5,6,5,6,5,2,1,3,5
"Femmina",20,6,4,2,2,7,4,2,2,1,3,1,1,3,2,3,5,2,1,1,5,3,3,3,2,1,2,5,4,2,2,2,2,5,1,2,4,2,5,2,2,6,7,7,3,4,2,4,2,1,1,5,5,4,7,6,5,0,1,6
"Femmina",26,5,4,6,5,5,5,5,2,3,3,5,3,3,3,3,4,4,5,3,3,3,3,3,5,3,3,3,3,3,3,3,3,3,3,3,3,3,3,5,4,5,6,5,4,4,3,4,3,3,2,5,7,5,6,5,3,0,5,5
"Maschio",22,7,5,4,5,3,4,3,4,3,4,3,3,3,4,4,4,4,4,3,4,3,5,4,4,3,4,2,4,2,4,2,4,2,2,4,4,3,4,4,5,5,5,5,5,5,5,4,4,4,1,4,4,6,7,7,1,1,0,4
"Femmina",34,2,1,2,1,2,5,4,1,1,3,2,1,1,3,2,1,2,2,2,5,3,2,2,5,1,2,3,1,3,2,1,1,2,1,1,1,1,1,2,7,7,4,4,1,1,2,1,1,1,1,1,2,6,5,0,1,0,3,0
"Maschio",23,7,3,3,2,6,3,5,4,4,3,4,3,2,2,3,2,4,2,3,4,4,4,4,2,2,3,3,3,2,2,3,3,3,3,4,4,2,5,1,4,2,5,6,3,6,3,4,3,3,2,9,5,5,4,6,4,4,7,6
"Maschio",18,7,6,6,4,5,4,2,3,2,3,2,2,3,4,5,2,1,3,2,4,4,3,2,3,3,4,3,4,3,4,3,4,2,1,3,2,4,6,4,5,5,6,4,5,4,6,5,6,5,5,7,7,8,6,8,6,5,0,8
"Maschio",21,6,4,2,1,6,4,4,3,4,1,3,5,4,3,3,3,3,2,4,3,4,4,3,4,4,3,4,3,2,3,4,2,4,4,3,4,3,6,5,6,5,6,5,3,5,3,6,4,4,1,10,8,7,8,5,6,0,7,7
"Femmina",25,6,4,4,3,3,4,2,2,1,3,1,1,2,1,3,3,2,3,2,2,4,3,1,4,2,2,2,3,2,3,2,2,2,1,2,3,2,5,5,5,5,5,5,2,3,2,1,4,3,2,4,8,5,8,9,4,2,1,6
"Femmina",25,6,5,6,6,6,4,2,5,5,5,2,3,1,4,1,4,3,2,3,3,5,4,5,3,5,3,4,4,3,4,4,3,3,5,4,3,3,3,5,5,5,6,5,5,4,4,1,4,1,2,6,2,5,5,3,8,6,8,5
"Maschio",57,6,5,4,3,3,5,2,4,2,2,2,2,4,5,2,4,2,4,4,5,5,4,2,4,2,3,3,3,3,3,3,3,2,3,3,4,2,5,3,3,5,3,3,3,6,4,4,5,5,4,5,5,9,9,6,6,5,5,7
"Femmina",60,7,5,5,5,4,4,4,2,2,2,2,2,2,3,3,3,3,2,5,2,4,4,2,3,2,4,1,4,1,2,2,4,1,1,1,1,3,6,5,5,6,7,5,5,6,4,4,4,4,2,6,6,6,8,2,4,4,10,7
"Femmina",23,7,6,6,5,2,5,2,3,3,3,1,2,1,4,3,2,4,1,2,1,4,4,2,4,2,4,2,4,1,4,2,5,2,2,4,2,3,6,6,6,7,6,6,3,6,4,5,5,6,4,7,8,7,9,7,6,5,0,8
"Maschio",42,3,3,4,3,6,3,4,2,3,1,4,4,3,1,4,5,1,3,1,4,1,1,3,2,4,3,4,2,3,2,2,2,3,2,1,4,1,1,5,2,2,2,5,1,2,1,1,1,2,1,1,8,1,1,2,0,0,8,3
"Femmina",37,8,6,5,6,2,4,2,3,2,3,1,1,1,3,3,2,3,1,4,2,4,4,3,4,1,4,1,4,2,5,2,4,2,1,4,2,4,6,6,6,5,6,6,6,5,6,5,6,6,5,7,8,8,8,8,8,8,7,9
"Femmina",31,10,3,3,7,4,5,5,5,5,5,5,5,5,5,5,5,5,5,5,5,5,5,5,5,5,5,5,5,5,5,5,5,5,5,5,5,5,7,7,7,7,7,7,7,7,7,7,7,7,7,10,9,9,9,9,9,9,9,9
"Femmina",37,7,5,5,5,4,4,1,3,2,3,3,3,3,3,3,3,2,3,4,3,4,3,3,2,3,4,2,4,1,4,4,4,1,3,4,1,4,6,5,5,4,5,5,5,5,5,5,5,5,5,6,6,7,7,5,5,6,7,8
"Maschio",20,8,5,4,4,6,3,4,4,4,4,4,4,3,2,3,3,3,3,2,3,2,2,4,2,3,4,3,3,3,4,2,4,3,2,3,3,3,4,5,5,3,4,5,1,4,3,5,3,5,4,7,7,6,7,6,6,3,8,7
"Femmina",53,7,5,5,6,3,3,1,3,3,4,1,3,1,4,1,1,3,1,3,1,4,5,1,5,1,3,1,4,1,3,1,3,2,2,3,3,3,3,5,6,5,6,6,5,4,5,4,5,5,3,7,9,8,5,4,4,4,5,8
"Femmina",35,7,6,6,6,3,4,2,3,2,4,2,2,2,4,4,4,4,4,4,4,4,4,4,4,2,4,2,4,4,4,4,4,4,2,4,4,4,5,5,5,5,6,7,7,7,5,5,6,5,6,7,7,7,7,7,5,7,7,7
"Maschio",21,5,4,5,5,2,4,1,3,1,3,1,1,1,2,3,2,2,2,5,3,4,3,1,3,1,4,3,4,3,3,3,2,2,1,3,4,4,6,5,4,6,5,7,7,5,5,5,5,4,5,6,5,5,6,3,4,4,0,5
"Maschio",18,7,5,5,6,2,3,2,3,2,4,2,2,4,2,5,3,2,2,4,3,4,2,2,3,2,4,2,4,2,3,3,4,1,1,3,3,4,4,5,5,5,5,4,7,5,4,4,5,3,3,4,6,5,8,5,4,3,0,5
"Maschio",29,5,4,5,6,6,3,1,2,4,5,5,4,3,2,5,3,3,3,1,3,3,4,1,2,3,3,2,4,3,3,2,2,3,1,3,3,1,2,5,5,5,4,5,1,4,2,2,2,2,2,3,7,5,7,6,5,1,2,3
"Maschio",22,3,4,6,7,5,5,3,4,4,4,1,2,3,5,2,4,4,1,5,3,5,3,3,5,2,4,3,4,3,1,5,2,5,3,3,5,1,7,5,5,7,7,7,7,7,4,3,6,1,7,3,3,4,5,3,0,0,10,6
"Maschio",23,6,7,6,4,7,3,2,2,3,4,1,1,2,3,5,1,1,2,2,3,2,3,4,2,2,3,3,4,1,4,1,5,3,1,3,3,3,4,1,7,7,5,7,7,6,4,6,7,7,7,5,10,10,4,8,6,5,10,10
"Maschio",36,5,5,4,5,4,3,4,1,2,4,1,2,3,4,4,4,4,3,3,4,4,4,2,3,3,1,4,3,3,3,3,1,3,3,3,3,2,4,3,3,6,6,4,1,6,4,1,4,4,3,5,5,5,5,0,4,1,5,5
"Maschio",50,7,6,6,7,2,5,3,3,2,4,1,2,4,4,5,4,3,2,4,4,3,4,4,3,1,5,2,3,2,4,1,4,1,1,4,4,4,5,6,5,6,6,7,7,6,5,5,5,6,7,8,9,8,9,8,9,7,0,9
"Femmina",37,2,4,4,5,5,3,1,2,4,4,1,2,2,3,3,5,2,1,2,5,5,4,5,4,2,1,4,3,4,3,4,3,4,1,3,5,2,1,1,1,1,4,1,1,1,1,1,1,1,1,0,1,0,1,0,0,0,0,1
"Maschio",24,4,3,3,2,6,2,3,2,3,1,3,3,4,2,2,4,3,3,2,4,2,3,2,2,3,1,5,2,4,2,4,2,5,4,2,4,2,2,1,2,2,3,2,1,2,1,1,1,1,1,2,7,2,0,2,2,2,2,1
"Femmina",27,7,7,6,6,2,4,2,3,3,2,1,1,1,4,3,2,3,1,3,2,3,3,2,3,1,4,1,5,2,3,1,4,2,1,4,1,4,4,4,5,3,5,5,5,3,3,2,4,3,5,6,6,5,6,4,6,4,0,7
"Femmina",24,8,6,6,6,2,3,2,2,2,3,1,2,1,3,2,2,3,2,1,3,4,4,3,4,2,4,3,4,3,4,3,4,3,3,4,3,4,5,6,6,5,5,6,6,5,6,4,6,6,6,7,6,7,8,8,7,6,10,8
"Maschio",15,7,5,5,4,4,3,3,2,4,3,3,2,2,3,4,5,3,4,3,3,3,3,3,3,2,3,4,5,2,4,3,3,3,2,2,4,3,6,3,7,2,5,4,4,4,5,4,5,5,4,6,8,8,6,7,7,7,2,7
"Femmina",20,7,5,4,3,3,2,3,4,1,3,3,5,4,4,2,4,2,1,3,3,3,2,2,3,4,4,4,4,4,4,4,4,5,4,3,2,3,6,6,6,5,4,6,5,6,2,2,6,5,5,1,9,6,6,7,4,3,9,6
"Maschio",23,9,7,4,6,2,5,2,3,2,2,3,2,1,4,3,3,2,2,5,2,3,3,1,4,1,5,2,5,1,4,3,4,1,1,2,2,3,7,7,7,6,6,7,6,6,4,4,5,3,6,7,7,7,8,7,8,6,7,7
"Maschio",39,4,4,4,5,3,3,2,3,2,3,1,2,2,3,3,4,3,3,2,4,2,2,4,3,3,3,2,4,2,3,2,3,2,3,3,3,2,3,3,3,3,4,5,3,5,2,1,3,2,5,2,7,2,5,5,6,2,6,5
"Femmina",24,7,6,5,3,3,3,2,3,2,3,1,1,1,2,4,2,3,1,2,4,4,4,4,3,3,3,5,2,5,2,3,2,4,3,2,1,1,6,6,6,4,4,4,2,5,5,3,6,6,1,7,10,8,10,6,3,0,0,8
"Femmina",32,7,5,6,6,4,5,2,3,2,4,3,3,1,4,4,1,5,2,3,1,5,5,1,4,2,4,2,4,2,4,3,2,2,2,3,1,3,6,6,6,6,7,6,5,5,2,3,4,4,4,7,9,5,6,6,5,6,8,8
"Maschio",54,6,5,4,2,3,2,1,2,1,2,1,1,1,2,3,3,3,1,1,3,3,3,2,4,1,3,3,3,2,4,2,3,2,1,2,1,3,3,3,6,2,4,5,2,2,2,3,3,2,2,1,3,1,4,0,0,0,5,2
"Femmina",27,8,5,5,5,1,4,1,2,1,5,1,1,1,3,5,2,3,1,3,2,5,5,1,5,1,4,1,4,1,3,1,2,1,1,1,1,5,7,2,7,5,7,7,7,5,7,4,7,7,7,10,4,10,8,10,8,8,10,10
"Femmina",36,6,4,5,1,4,5,1,2,5,2,1,2,1,3,4,4,4,2,2,5,4,3,5,1,1,1,5,1,5,1,5,1,5,5,1,5,1,6,4,4,4,5,6,2,5,5,4,4,3,3,7,2,6,5,1,1,4,0,6
"Femmina",26,4,4,4,4,4,3,5,2,4,2,2,5,2,1,5,5,2,1,3,5,5,4,3,3,5,2,4,2,3,2,2,2,4,5,1,4,2,6,5,4,4,6,6,3,6,4,1,1,1,1,4,8,5,7,1,1,0,0,1
"Femmina",26,4,4,4,4,4,3,5,2,4,2,2,5,2,1,5,5,2,1,3,5,5,4,3,3,5,2,4,2,3,2,2,2,4,5,1,4,2,6,5,4,4,6,6,3,6,4,1,1,1,1,4,8,5,7,1,1,0,0,1
"Femmina",40,8,7,6,5,2,5,3,4,3,4,2,3,3,5,3,3,5,1,3,3,5,4,2,5,3,4,2,4,2,4,2,4,2,2,5,3,4,6,5,7,6,7,6,5,5,7,5,6,7,5,7,8,8,8,7,7,5,8,9
"Femmina",25,5,5,5,4,6,3,3,2,2,4,1,3,4,3,5,4,3,2,3,5,4,2,3,3,3,4,3,3,2,4,3,3,3,3,3,3,2,4,3,5,4,6,6,5,6,3,4,4,2,5,5,3,5,3,7,7,3,5,6
"Maschio",50,9,7,7,7,1,4,1,1,1,5,1,1,1,5,2,2,5,1,3,1,3,4,1,3,1,5,2,5,1,5,1,5,1,1,5,2,5,6,6,6,7,7,6,6,6,7,6,6,6,7,8,8,8,9,9,9,8,10,10
"Femmina",53,3,4,4,4,4,4,2,3,3,4,2,2,1,4,4,4,4,2,3,4,4,4,4,4,2,3,2,4,1,3,3,3,4,2,4,5,3,5,5,6,5,6,6,6,5,2,2,2,3,3,3,3,3,4,3,3,3,3,3
"Maschio",33,6,6,5,5,6,5,4,1,1,4,1,2,5,5,5,3,4,2,3,3,4,4,2,4,2,4,3,4,2,3,2,3,3,2,3,3,4,4,6,5,7,7,6,5,5,5,4,5,5,6,6,3,6,6,6,6,5,6,6
"Maschio",23,6,6,5,5,5,5,4,2,2,3,1,2,1,3,5,4,2,5,3,4,4,4,3,2,1,4,3,4,3,3,3,3,4,1,3,4,3,4,2,7,3,6,3,4,4,2,2,3,2,3,5,7,8,5,7,7,7,7,8
"Femmina",51,9,7,7,7,1,5,2,4,2,4,1,3,1,5,4,2,3,1,4,3,5,4,3,3,2,4,1,5,1,4,1,5,2,2,5,2,5,7,7,7,6,7,7,4,7,7,5,6,7,7,9,1,10,9,10,10,8,0,9
"Femmina",23,7,5,5,5,3,4,2,4,2,4,1,2,1,3,2,3,4,1,3,2,4,3,3,4,1,3,2,4,2,4,1,4,2,2,4,2,4,5,5,4,4,5,5,4,4,3,3,5,3,4,6,7,7,8,6,5,5,4,8
"Femmina",49,7,6,6,5,2,4,2,3,1,3,1,2,1,3,2,2,3,2,3,2,3,3,2,3,1,4,2,3,2,3,2,3,2,1,4,2,3,5,5,4,3,5,5,5,5,6,5,6,6,5,8,8,7,8,9,5,6,7,7
"Femmina",32,7,6,4,5,3,3,4,3,3,4,1,3,1,3,4,2,3,2,3,3,5,3,4,4,4,3,2,3,2,4,3,3,2,3,4,2,3,6,5,6,7,7,7,6,6,5,4,6,6,5,4,7,8,6,9,7,8,7,7
"Femmina",24,5,3,4,1,7,3,4,2,2,2,1,5,2,2,3,4,3,4,2,4,2,3,3,2,4,3,3,3,3,2,3,1,2,4,2,2,1,4,2,2,2,5,4,1,2,2,4,3,5,2,5,6,6,3,6,0,1,0,5
"Femmina",24,8,6,6,6,1,5,2,1,2,5,1,2,2,4,4,3,4,2,4,1,3,1,4,4,2,4,2,4,1,4,1,4,2,1,5,2,5,6,6,7,4,7,6,6,5,7,6,6,5,7,8,7,8,9,10,10,8,2,9
"Femmina",57,7,4,4,4,4,3,2,2,1,4,2,2,2,4,4,4,3,1,3,1,4,3,2,3,1,3,2,3,2,3,2,2,4,1,3,2,3,4,4,4,5,5,6,5,5,4,3,4,5,5,7,7,9,9,7,6,5,6,7
"Femmina",21,0,2,2,2,7,3,5,1,3,2,2,4,1,1,1,1,2,4,1,1,2,2,4,1,4,2,5,2,3,2,4,2,4,5,2,2,1,2,2,3,5,5,5,1,4,1,4,1,1,1,2,5,2,2,2,2,0,6,1
"Femmina",52,7,5,5,5,3,3,2,2,2,3,2,2,1,3,2,2,4,1,3,2,3,4,3,4,1,3,3,3,2,3,2,3,3,1,3,3,3,4,5,6,6,6,6,5,5,4,5,4,4,3,7,7,6,6,5,4,6,4,7
"Maschio",30,0,3,1,2,4,2,1,3,5,3,2,4,3,1,1,4,2,5,1,5,3,3,5,3,4,1,5,4,2,4,2,2,4,3,1,5,1,1,3,1,7,3,7,3,5,1,2,1,1,1,4,7,0,9,2,0,0,3,4
"Femmina",47,4,2,2,2,2,2,5,2,4,1,1,5,1,2,2,4,3,1,3,5,4,4,5,4,4,2,4,3,3,3,3,2,5,4,2,5,2,6,5,5,5,5,7,2,4,1,1,1,2,1,7,6,6,4,0,1,0,1,2
"Femmina",21,9,7,6,6,2,4,2,3,2,3,2,2,2,5,4,4,4,2,4,3,5,4,4,4,2,5,2,5,1,5,2,5,2,1,4,3,5,7,6,7,5,5,6,5,6,6,5,6,4,4,9,10,6,9,9,2,2,2,9
"Maschio",55,0,1,3,1,7,5,5,3,5,1,3,1,5,1,1,5,3,3,1,5,2,5,5,3,5,1,5,1,5,1,5,1,5,5,1,5,1,1,1,2,3,7,3,1,7,1,1,1,4,1,0,8,5,0,0,0,0,0,0
"Femmina",19,7,7,6,4,5,4,2,2,3,3,1,2,2,3,3,3,5,3,3,4,5,5,4,3,3,2,4,3,2,2,3,3,4,3,3,4,3,5,5,6,6,5,7,5,6,4,3,4,7,7,7,8,9,7,7,5,1,3,5
"Femmina",24,7,5,4,5,2,5,1,3,2,3,2,1,1,3,2,2,4,1,3,3,3,3,2,5,1,4,2,4,1,4,1,3,1,1,4,1,4,7,5,7,5,6,7,5,6,5,2,5,6,6,7,8,8,7,6,6,5,8,7
"Femmina",34,6,4,4,3,4,4,4,3,2,3,2,2,2,3,4,3,4,4,3,3,3,4,3,3,2,3,3,3,3,3,3,3,3,3,3,3,3,7,5,5,6,7,7,4,5,4,5,4,4,4,8,6,6,5,6,5,5,8,6
"Femmina",21,7,5,5,5,4,5,4,4,3,3,1,5,1,5,1,3,4,3,3,4,2,5,3,4,5,5,3,4,3,5,3,4,3,5,5,3,3,6,6,6,7,6,7,1,5,5,5,5,4,3,7,7,6,8,5,7,0,3,8
"Femmina",20,4,4,5,4,7,3,4,3,4,2,2,2,2,3,1,1,3,1,3,4,3,3,3,3,2,2,4,3,2,3,2,2,3,3,2,4,2,2,2,2,6,6,6,2,3,2,3,1,1,1,2,6,2,3,0,1,0,6,0
"Femmina",25,8,6,4,5,2,5,2,4,3,3,3,3,1,4,2,3,4,2,4,4,4,4,4,4,3,4,2,4,2,4,2,4,2,2,4,2,4,7,6,6,7,6,6,6,6,5,5,5,5,1,5,7,8,8,6,7,5,2,7
"Femmina",34,8,7,7,6,2,5,3,2,2,5,1,4,1,3,5,1,3,1,2,2,4,3,3,3,2,4,3,4,2,4,2,4,5,1,4,2,4,4,4,7,6,4,7,7,6,7,7,7,6,6,5,10,8,8,5,3,7,10,10
"Femmina",43,6,5,5,5,1,5,4,3,4,5,2,2,1,3,4,2,2,1,4,2,5,5,2,5,1,4,2,3,1,4,1,3,2,1,5,2,3,6,6,6,7,7,7,7,6,5,4,4,4,2,6,8,8,10,9,10,7,0,8
"Maschio",43,3,3,5,4,4,5,3,4,3,4,3,2,1,3,4,3,4,2,3,3,3,4,2,3,3,3,3,4,2,3,3,3,3,1,3,3,2,3,3,4,4,5,5,2,4,2,1,3,2,1,5,2,2,4,2,0,1,6,2
"Femmina",24,6,3,3,4,2,5,4,3,4,4,5,5,4,5,3,3,3,5,5,4,2,3,1,2,1,4,3,4,3,4,2,5,4,1,1,3,1,1,4,1,1,1,3,1,6,1,2,1,3,1,2,10,1,10,3,6,0,1,3
"Maschio",39,10,6,7,7,1,5,3,4,1,3,3,3,2,5,3,2,4,2,1,3,4,4,3,5,2,5,2,3,1,3,1,4,1,1,4,1,4,4,6,6,4,6,6,2,6,6,4,7,6,7,10,9,9,10,5,10,5,9,10
"Femmina",55,8,6,6,5,5,5,4,3,4,4,1,3,3,2,2,3,4,2,1,5,4,4,3,4,3,1,2,2,2,1,2,2,5,4,2,5,1,4,3,3,3,3,5,3,6,5,6,5,6,4,7,6,7,6,3,3,0,0,7
"Femmina",55,8,6,6,5,5,5,4,3,4,4,1,3,3,2,2,3,4,2,1,5,4,4,3,4,3,1,2,2,2,1,2,2,5,4,2,5,1,4,3,3,3,3,5,3,6,5,6,5,6,4,7,6,7,6,3,3,0,0,7
"Maschio",21,0,3,2,3,6,2,4,3,4,1,5,3,4,3,1,4,2,3,3,4,2,2,4,3,5,3,4,4,3,3,3,2,5,3,3,2,1,1,1,1,4,3,7,1,3,6,7,1,1,1,8,10,0,0,0,0,0,5,0
"Femmina",24,7,5,5,4,4,5,2,2,2,4,1,1,4,4,4,4,4,5,2,3,4,4,2,2,1,5,2,4,3,2,3,3,2,1,4,2,4,5,2,6,6,6,7,6,6,5,2,5,6,2,6,6,6,6,6,2,2,6,8
"Maschio",26,6,5,6,6,4,4,1,3,1,3,1,1,2,4,3,2,3,1,3,2,4,4,2,3,1,3,1,3,2,3,1,3,2,1,3,2,3,5,5,5,5,5,5,5,5,5,5,5,5,2,6,6,6,6,6,5,5,0,6
"Maschio",28,7,6,4,5,4,4,4,3,2,3,4,2,2,3,4,4,4,3,4,4,5,4,5,4,3,3,3,4,2,4,3,2,4,3,3,5,2,5,3,4,4,4,5,2,5,3,2,4,6,6,7,9,6,5,4,3,3,5,7
"Maschio",38,7,6,7,6,3,4,2,3,2,3,3,2,4,4,3,3,3,3,3,3,3,3,3,3,2,4,2,4,2,4,2,3,2,2,2,2,3,5,4,6,5,5,7,5,5,5,4,6,6,5,7,5,6,6,6,5,5,2,6
"Maschio",22,4,5,4,4,5,4,2,3,1,2,3,3,5,2,4,4,3,1,4,1,2,3,1,2,3,4,2,4,1,4,1,4,1,2,4,2,2,3,5,6,2,6,7,3,5,4,1,1,1,5,4,8,5,5,8,3,1,2,6
"Maschio",44,2,2,3,4,4,5,1,2,2,4,3,3,3,3,3,5,3,4,2,5,3,4,4,3,3,3,4,3,3,3,3,1,5,3,3,4,1,1,2,1,3,4,3,2,6,1,2,1,2,1,4,6,2,3,6,6,2,8,3
"Maschio",24,7,5,4,3,1,4,5,3,3,4,2,4,3,2,5,5,5,2,2,5,5,4,5,3,3,2,4,2,4,2,4,2,4,5,2,3,3,6,5,6,4,7,6,6,5,4,3,5,6,2,7,8,8,7,7,4,7,8,7
"Maschio",25,4,5,4,3,5,4,3,5,2,5,3,5,4,2,5,4,3,1,2,5,4,3,5,4,5,2,5,3,4,3,4,3,3,5,2,5,2,1,6,3,4,7,6,1,6,1,1,1,1,5,0,8,0,10,5,0,0,0,5
"Maschio",57,7,5,4,3,5,4,2,3,1,2,3,1,2,3,3,2,4,2,3,3,2,3,2,2,1,3,1,4,2,3,2,3,4,2,3,2,2,4,5,5,6,5,5,4,5,4,3,3,4,3,3,3,4,5,4,5,4,5,4
"Maschio",23,9,7,7,7,1,5,1,3,1,4,5,1,1,3,5,2,5,1,4,1,5,5,1,5,1,5,1,5,1,5,1,5,1,1,4,2,5,7,6,7,7,7,7,6,7,6,7,7,7,7,9,10,10,9,10,9,9,10,10
"Maschio",22,4,4,4,4,3,4,3,3,4,5,2,3,3,4,3,4,4,2,4,5,4,3,4,4,2,4,2,4,3,4,2,3,3,1,3,3,4,3,3,5,4,6,6,6,5,3,2,2,2,6,3,6,5,5,4,4,5,8,3
"Maschio",22,8,7,6,6,7,4,3,4,4,3,2,3,3,4,4,3,4,2,3,3,5,5,2,4,3,3,2,3,2,3,2,3,2,2,4,3,4,5,4,5,4,5,6,4,5,4,4,5,4,4,8,8,7,6,7,7,5,6,9
"Maschio",23,8,6,6,6,1,5,2,3,1,3,1,1,1,3,3,2,4,1,3,2,5,4,1,3,1,5,2,4,1,3,1,4,1,1,3,1,4,7,5,7,6,6,6,6,4,6,5,6,6,4,7,7,8,9,8,8,6,8,8
"Maschio",27,6,5,4,3,5,4,5,4,4,4,3,2,5,3,4,5,2,2,4,5,4,3,4,4,1,3,4,3,3,3,3,4,4,1,2,4,3,5,5,4,4,5,5,5,5,3,4,4,4,3,6,6,6,5,7,3,7,5,6
"Maschio",22,8,7,6,6,1,5,2,4,3,4,2,2,2,5,5,4,5,1,5,3,5,5,4,3,3,5,3,5,1,5,1,4,2,1,4,3,5,6,6,7,5,7,6,6,6,6,7,7,7,5,9,7,10,7,10,8,7,10,9
"Maschio",45,7,6,5,3,3,5,3,3,2,4,1,1,1,4,4,1,4,1,4,1,5,4,1,4,1,4,2,4,1,4,1,3,1,1,2,1,3,6,6,6,5,6,6,6,6,4,4,5,5,6,8,8,8,7,6,6,5,0,8
"Maschio",35,6,4,5,2,5,3,1,4,3,3,2,3,2,2,4,2,3,1,4,5,5,4,4,3,4,3,4,3,4,3,4,3,3,5,2,3,5,5,6,6,6,7,6,6,6,5,3,4,4,2,5,3,4,6,5,3,5,0,5
"Maschio",22,7,5,4,2,6,4,4,5,4,2,1,4,2,3,3,2,3,1,4,3,3,3,4,3,4,3,3,5,1,3,3,2,4,4,3,2,2,5,3,5,5,6,5,5,6,3,5,4,4,7,6,8,7,6,5,2,2,1,7
"Maschio",24,5,4,4,2,6,4,4,3,3,2,1,2,2,2,5,3,3,2,2,4,4,4,3,3,2,2,4,2,4,2,4,2,4,1,1,5,2,2,2,3,2,5,6,1,4,3,2,3,4,4,4,6,8,6,5,1,1,1,4
"Maschio",21,7,5,5,5,3,3,2,2,2,4,3,2,3,4,5,2,3,2,3,2,3,4,3,3,2,4,2,4,2,4,2,4,2,2,3,3,3,4,4,5,6,5,7,5,5,4,5,6,4,2,8,9,6,6,7,7,8,8,9
"Maschio",20,5,5,4,3,5,3,4,1,4,2,3,4,2,1,2,3,3,3,4,3,2,2,4,2,4,2,4,3,2,3,3,1,4,2,2,1,3,3,1,1,1,5,6,4,3,3,5,6,3,2,4,7,6,1,3,0,2,8,8
"Maschio",26,6,5,5,3,4,4,1,2,3,3,2,2,1,3,2,1,3,2,4,2,4,4,1,4,1,3,2,3,1,4,1,3,3,1,3,2,3,4,2,5,4,6,6,6,5,2,5,5,3,3,8,9,5,2,9,6,6,2,5
"Maschio",24,6,4,3,5,2,5,1,3,1,4,2,1,2,3,4,3,4,3,3,3,4,5,2,3,1,4,4,4,1,3,2,4,2,1,2,2,4,4,4,5,4,4,6,5,4,3,3,4,3,2,6,8,5,4,6,2,4,6,5
"Maschio",19,8,5,5,5,6,5,4,4,3,4,3,4,4,4,4,3,5,2,4,4,5,5,4,5,3,4,2,3,1,3,3,4,3,3,4,4,4,6,6,5,4,6,6,6,5,4,5,5,5,2,6,9,8,8,8,8,7,10,7
"Maschio",22,7,6,6,6,1,3,1,4,2,5,2,3,1,5,5,1,4,3,3,2,4,3,1,5,2,5,1,3,2,4,1,4,1,2,5,2,4,4,6,5,6,6,7,3,5,6,6,7,5,4,7,9,7,10,9,8,7,5,9
"Maschio",24,5,4,5,3,7,4,2,2,1,3,1,2,2,1,1,2,4,1,4,3,3,3,1,3,1,4,3,4,3,1,1,3,3,1,2,3,2,4,5,5,4,5,6,4,2,2,2,4,2,6,5,7,7,7,4,0,0,0,6
"Maschio",23,7,5,4,3,5,4,3,3,4,2,1,4,2,4,3,3,2,2,4,5,3,5,5,3,4,4,3,4,2,4,3,3,4,4,3,4,3,5,7,6,5,3,6,2,5,5,4,3,4,3,8,9,6,9,7,7,4,8,7
"Maschio",23,8,5,4,5,5,5,3,2,2,4,3,3,1,4,4,3,2,4,4,4,3,2,4,5,3,5,1,4,2,4,2,3,3,1,4,4,3,4,6,7,6,5,6,6,4,3,3,2,2,2,2,7,2,4,7,2,4,9,8
"Maschio",20,7,6,5,6,5,5,3,4,3,4,2,1,2,5,4,3,4,2,5,2,5,4,3,4,2,4,2,3,1,4,1,4,1,1,4,2,5,7,5,6,5,7,7,3,6,6,6,7,4,4,8,9,9,8,8,7,6,8,9
"Maschio",25,6,6,5,5,3,5,2,3,2,4,1,2,1,4,2,2,5,2,4,1,4,3,2,5,2,4,1,4,1,3,2,4,1,1,3,1,4,5,6,6,4,6,6,3,6,3,3,4,5,2,5,6,7,8,7,8,4,5,6
"Maschio",59,6,4,5,4,4,4,3,3,3,3,2,3,3,2,4,3,3,1,2,3,3,4,3,3,2,2,2,3,3,3,3,3,3,2,3,4,4,3,3,4,4,4,3,3,5,2,3,3,4,3,4,5,5,5,5,5,5,5,6
"Maschio",34,6,6,6,3,7,4,3,2,4,3,3,4,2,2,4,4,3,2,3,4,3,3,4,3,4,3,4,3,3,2,2,2,3,4,2,4,2,5,5,6,5,6,6,4,7,5,5,5,5,4,7,7,6,7,7,6,3,8,7
"Maschio",20,8,4,1,4,7,5,5,3,5,4,2,2,4,4,3,4,4,2,2,4,4,4,4,3,2,3,5,3,5,3,5,3,5,2,2,5,3,5,2,6,1,5,4,2,7,5,3,4,4,4,7,9,8,2,6,0,3,10,7
"Maschio",20,7,6,5,4,4,3,2,3,2,4,1,3,2,4,4,4,4,2,3,4,4,4,4,4,2,4,1,4,1,4,1,4,1,2,4,2,4,4,4,5,3,6,5,4,5,4,3,4,4,5,7,7,7,7,8,4,4,0,6
"Maschio",23,6,4,3,2,5,3,2,2,2,3,1,1,3,2,3,4,3,2,2,4,2,3,2,2,1,3,2,3,2,3,2,2,2,1,2,3,2,4,3,3,2,3,5,4,5,3,4,3,2,2,6,10,7,6,7,5,4,0,6
"Maschio",23,7,6,6,6,1,4,1,5,1,5,1,1,4,4,5,3,3,1,3,2,5,4,3,5,1,3,4,3,4,2,4,3,2,1,2,1,3,5,6,4,4,7,7,6,7,6,6,6,6,7,6,2,9,9,8,9,4,10,9
"Maschio",22,8,6,6,6,2,3,1,4,2,5,2,2,3,4,5,5,4,2,4,2,5,3,2,4,2,4,1,4,2,3,2,5,1,1,4,1,4,6,6,7,6,7,6,5,3,6,4,5,5,6,9,10,9,7,10,5,5,9,8
"Maschio",22,8,6,5,5,2,5,2,3,2,3,2,3,1,4,3,3,2,1,2,2,2,2,3,4,1,4,2,3,3,4,2,4,3,1,3,2,3,5,6,2,3,6,5,3,4,3,5,5,4,4,7,9,5,9,7,4,2,8,8
"Maschio",26,6,5,6,6,2,3,4,4,5,4,5,4,2,3,2,5,1,4,4,5,4,3,4,2,4,3,3,4,2,3,3,4,2,3,3,4,4,3,1,2,2,3,5,6,3,2,1,2,2,5,6,5,3,4,2,0,0,10,8
"Femmina",24,4,6,6,4,5,4,2,3,2,1,2,3,1,3,4,3,3,1,3,3,3,4,3,4,2,3,3,3,3,3,3,3,3,3,3,4,2,5,6,5,5,7,5,1,5,3,4,4,3,4,9,7,7,9,5,1,1,0,5
"Femmina",24,7,5,5,4,4,3,2,3,2,2,2,4,2,3,2,4,3,2,2,2,3,3,4,3,3,3,4,3,3,2,5,3,5,5,3,2,3,3,4,5,4,6,5,4,2,5,4,5,5,5,7,3,7,8,5,1,3,10,8
"Femmina",20,8,4,5,3,7,4,5,3,2,3,1,2,4,4,3,5,4,4,2,5,3,3,4,4,2,3,4,3,2,3,3,3,4,1,4,3,3,6,6,6,4,3,6,2,6,2,3,5,3,7,5,7,7,8,4,3,1,1,8
"Femmina",19,7,4,4,3,1,3,3,4,2,2,2,5,1,3,2,4,3,5,2,4,2,2,3,2,3,4,2,3,1,3,1,3,2,4,2,3,1,4,2,2,6,6,5,3,1,1,1,4,4,1,2,9,6,3,1,0,0,0,6
"Femmina",21,8,6,7,3,4,3,3,4,3,3,2,3,2,3,3,2,2,2,2,2,3,4,2,2,2,3,3,4,2,3,2,4,3,2,3,3,3,5,6,5,5,6,7,5,6,4,6,6,5,6,8,9,6,9,7,10,6,2,9
"Femmina",21,7,6,5,5,1,3,2,1,3,1,1,3,3,2,3,3,5,4,3,4,5,5,4,3,3,5,2,5,3,5,2,4,2,1,4,2,4,4,6,4,7,7,7,7,6,4,2,5,2,1,3,8,8,8,8,2,0,6,7
"Femmina",22,7,7,6,6,1,4,1,4,1,4,1,1,1,4,3,2,3,1,3,2,4,3,2,3,1,4,2,5,2,4,2,4,1,1,4,2,4,5,6,6,6,6,6,5,6,6,5,6,6,7,8,9,8,7,9,9,6,7,7
"Femmina",30,5,5,4,4,4,5,1,4,2,2,1,4,3,4,4,3,2,1,3,4,4,4,4,4,3,3,3,3,2,2,2,3,3,2,3,3,3,2,4,3,4,6,5,4,6,1,4,5,1,3,4,9,7,9,9,7,6,9,6
"Maschio",26,0,2,2,2,2,1,1,1,5,2,2,1,1,1,1,4,3,5,1,4,3,3,3,1,5,1,5,1,1,1,3,1,1,3,2,5,1,1,1,1,1,1,7,1,1,1,2,1,1,1,0,0,0,0,0,0,0,0,0
"Femmina",20,8,6,6,6,1,5,1,5,2,5,1,4,1,5,5,2,4,1,4,2,5,5,2,5,2,5,1,5,1,5,1,5,1,3,5,2,5,7,7,7,7,7,7,7,5,5,6,6,6,6,8,9,8,10,9,9,6,0,10
"Femmina",20,8,6,6,3,6,4,3,3,4,2,1,3,2,2,4,5,3,1,4,5,4,3,4,4,3,4,1,3,2,3,2,4,5,4,3,2,3,6,4,5,5,6,4,2,6,3,3,4,4,2,7,4,7,2,4,3,1,3,5
"Femmina",22,6,4,5,7,1,4,1,2,3,1,1,2,1,4,2,4,4,2,4,4,5,3,2,2,2,5,2,4,2,4,2,4,2,4,4,4,2,6,2,5,6,7,7,3,6,3,1,4,1,4,1,1,5,5,0,0,0,10,6
"Femmina",20,5,5,4,3,4,3,5,2,4,3,3,5,5,4,4,2,2,4,2,4,2,2,5,3,5,3,4,3,3,4,4,4,5,5,3,4,4,2,2,2,6,4,3,1,4,1,1,3,3,5,3,8,5,1,1,0,0,7,6
"Maschio",16,7,6,7,6,5,5,2,3,2,4,1,1,1,5,4,2,5,1,3,3,3,4,2,5,2,3,4,4,3,3,3,2,2,1,3,1,3,7,5,7,5,5,7,7,5,7,5,7,7,7,7,10,10,8,7,8,10,6,9
"Femmina",22,7,5,5,3,5,3,1,3,2,3,1,4,4,2,3,4,2,1,2,4,3,2,1,3,3,3,4,3,4,3,4,3,4,1,3,4,3,6,3,5,7,6,5,3,3,3,3,4,5,5,6,10,9,4,2,2,2,2,6
"Femmina",26,5,4,3,3,6,4,3,2,4,2,2,3,2,3,2,3,4,2,3,3,3,3,4,3,2,3,3,3,3,3,3,3,3,3,3,3,2,2,2,4,3,4,5,2,2,2,1,2,2,2,4,4,3,3,5,3,1,0,2
"Femmina",35,6,5,3,4,4,4,3,2,3,4,2,3,1,3,4,1,4,1,4,2,4,4,2,4,3,5,1,5,1,5,1,5,1,4,5,1,5,6,6,6,6,6,7,5,5,5,5,5,6,3,6,7,6,6,5,5,5,9,6
"Femmina",37,4,4,4,3,6,4,4,4,4,1,4,4,3,1,3,4,1,4,1,4,1,1,4,1,4,1,5,4,2,4,4,1,4,4,1,4,1,2,5,2,6,6,4,1,6,1,5,1,1,1,5,10,5,5,5,5,5,5,5
"Femmina",24,7,5,5,6,2,5,2,3,1,4,2,2,1,5,1,2,3,1,4,2,4,4,2,4,2,5,2,4,2,4,2,5,1,1,4,1,4,7,7,6,6,6,6,6,7,5,4,6,7,7,6,9,9,10,9,9,4,9,7
